/* Customers */
insert into Customers (cust_id, name, email, address, phone) values ( 1, 'Aggy'     , 'aggy01@customer.org', ' 1 Kent Ridge Road', 98765432);
insert into Customers (cust_id, name, email, address, phone) values ( 2, 'Frederico', 'fred02@customer.org', ' 2 Kent Ridge Road', 98765433);
insert into Customers (cust_id, name, email, address, phone) values ( 3, 'Carmen'   , 'carm03@customer.org', ' 3 Kent Ridge Road', 98765434);
insert into Customers (cust_id, name, email, address, phone) values ( 4, 'Daryl'    , 'dary04@customer.org', ' 4 Kent Ridge Road', 98765435);
insert into Customers (cust_id, name, email, address, phone) values ( 5, 'Ara'      , 'araa05@customer.org', ' 5 Kent Ridge Road', 99998880);
insert into Customers (cust_id, name, email, address, phone) values ( 6, 'Kermit'   , 'kerm06@customer.org', ' 6 Kent Ridge Road', 99998881);
insert into Customers (cust_id, name, email, address, phone) values ( 7, 'Dayna'    , 'dayn07@customer.org', ' 7 Kent Ridge Road', 99998882);
insert into Customers (cust_id, name, email, address, phone) values ( 8, 'Nevin'    , 'nevi08@customer.org', ' 8 Kent Ridge Road', 99998883);
insert into Customers (cust_id, name, email, address, phone) values ( 9, 'Myrtle'   , 'myrt09@customer.org', ' 9 Kent Ridge Road', 99998884);
insert into Customers (cust_id, name, email, address, phone) values (10, 'Baudoin'  , 'baud10@customer.org', '10 Kent Ridge Road', 98765436);
insert into Customers (cust_id, name, email, address, phone) values (11, 'Collette' , 'coll11@customer.org', '11 Kent Ridge Road', 98765437);
insert into Customers (cust_id, name, email, address, phone) values (12, 'Hort'     , 'hort12@customer.org', '12 Kent Ridge Road', 99998885);
insert into Customers (cust_id, name, email, address, phone) values (13, 'Julie'    , 'juli13@customer.org', '13 Kent Ridge Road', 98765438);
insert into Customers (cust_id, name, email, address, phone) values (14, 'Debby'    , 'debb14@customer.org', '14 Kent Ridge Road', 99998887);
insert into Customers (cust_id, name, email, address, phone) values (15, 'Elroy'    , 'elro15@customer.org', '15 Kent Ridge Road', 99998888);
insert into Customers (cust_id, name, email, address, phone) values (16, 'Gray'     , 'gray16@customer.org', '16 Kent Ridge Road', 99998889);
insert into Customers (cust_id, name, email, address, phone) values (17, 'Sandor'   , 'sand17@customer.org', '17 Kent Ridge Road', 98765439);
insert into Customers (cust_id, name, email, address, phone) values (18, 'Dionis'   , 'dion18@customer.org', '18 Kent Ridge Road', 99998800);
insert into Customers (cust_id, name, email, address, phone) values (19, 'Odessa'   , 'odes19@customer.org', '19 Kent Ridge Road', 99998801);
insert into Customers (cust_id, name, email, address, phone) values (20, 'Annie'    , 'anni20@customer.org', '20 Kent Ridge Road', 98765430);

/** 
 * Credit_Cards 
 * Format: 5050-2102-2102-99cust_id
 */ 
insert into Credit_Cards (card_number, cvv, expiry_date, from_date, cust_id) values ('5050210221029901', 519, '2025-02-20', '2020-05-04', 1);
insert into Credit_Cards (card_number, cvv, expiry_date, from_date, cust_id) values ('5050210221029902', 582, '2024-03-24', '2021-01-02', 2);
insert into Credit_Cards (card_number, cvv, expiry_date, from_date, cust_id) values ('5050210221029903', 302, '2024-06-01', '2020-08-15', 3);
insert into Credit_Cards (card_number, cvv, expiry_date, from_date, cust_id) values ('5050210221029904', 149, '2024-05-03', '2020-11-06', 4);
insert into Credit_Cards (card_number, cvv, expiry_date, from_date, cust_id) values ('5050210221029905', 918, '2023-09-12', '2020-11-14', 5);
insert into Credit_Cards (card_number, cvv, expiry_date, from_date, cust_id) values ('5050210221029906', 574, '2025-03-18', '2021-01-04', 6);
insert into Credit_Cards (card_number, cvv, expiry_date, from_date, cust_id) values ('5050210221029907', 336, '2024-02-26', '2020-08-07', 7);
insert into Credit_Cards (card_number, cvv, expiry_date, from_date, cust_id) values ('5050210221029908', 729, '2023-12-09', '2021-01-09', 8);
insert into Credit_Cards (card_number, cvv, expiry_date, from_date, cust_id) values ('5050210221029909', 218, '2024-10-22', '2021-03-30', 9);
insert into Credit_Cards (card_number, cvv, expiry_date, from_date, cust_id) values ('5050210221029910', 965, '2024-12-27', '2020-08-10', 10);
insert into Credit_Cards (card_number, cvv, expiry_date, from_date, cust_id) values ('5050210221029911', 202, '2024-02-13', '2020-05-09', 11);
insert into Credit_Cards (card_number, cvv, expiry_date, from_date, cust_id) values ('5050210221029912', 688, '2024-08-30', '2021-02-26', 12);
insert into Credit_Cards (card_number, cvv, expiry_date, from_date, cust_id) values ('5050210221029913', 694, '2023-05-07', '2020-09-25', 13);
insert into Credit_Cards (card_number, cvv, expiry_date, from_date, cust_id) values ('5050210221029914', 949, '2023-09-09', '2020-08-05', 14);
insert into Credit_Cards (card_number, cvv, expiry_date, from_date, cust_id) values ('5050210221029915', 519, '2024-02-08', '2020-05-30', 15);
insert into Credit_Cards (card_number, cvv, expiry_date, from_date, cust_id) values ('5050210221029916', 191, '2024-07-22', '2020-06-25', 16);
insert into Credit_Cards (card_number, cvv, expiry_date, from_date, cust_id) values ('5050210221029917', 557, '2024-10-23', '2020-09-23', 17);
insert into Credit_Cards (card_number, cvv, expiry_date, from_date, cust_id) values ('5050210221029918', 252, '2025-02-26', '2020-11-14', 18);
insert into Credit_Cards (card_number, cvv, expiry_date, from_date, cust_id) values ('5050210221029919', 744, '2024-05-13', '2020-05-05', 19);
insert into Credit_Cards (card_number, cvv, expiry_date, from_date, cust_id) values ('5050210221029920', 746, '2024-12-02', '2020-12-24', 20);


/* Employees */ 
insert into Employees (eid, name, address, email, phone, depart_date, join_date) values ( 1, 'Perren Gamble'      ,' 1 Science Park' , 'employee01@company.org', 98267108, null, '2021-02-05');
insert into Employees (eid, name, address, email, phone, depart_date, join_date) values ( 2, 'Esther Rogister'    ,' 2 Science Park' , 'employee02@company.org', 98413421, null, '2021-03-15');
insert into Employees (eid, name, address, email, phone, depart_date, join_date) values ( 3, 'Scot Moniker'       ,' 3 Science Park' , 'employee03@company.org', 98484577, null, '2021-01-16');
insert into Employees (eid, name, address, email, phone, depart_date, join_date) values ( 4, 'Jo-anne Parysowna'  ,' 4 Science Park' , 'employee04@company.org', 98197577, null, '2021-01-14');
insert into Employees (eid, name, address, email, phone, depart_date, join_date) values ( 5, 'Rutledge Stait'     ,' 5 Science Park' , 'employee05@company.org', 98631032, null, '2021-01-27');
insert into Employees (eid, name, address, email, phone, depart_date, join_date) values ( 6, 'Woodie Fraczkiewicz',' 6 Science Park' , 'employee06@company.org', 98619419, null, '2021-02-26');
insert into Employees (eid, name, address, email, phone, depart_date, join_date) values ( 7, 'Trenna Dain'        ,' 7 Science Park' , 'employee07@company.org', 98964433, null, '2021-04-10');
insert into Employees (eid, name, address, email, phone, depart_date, join_date) values ( 8, 'Palm Nodin'         ,' 8 Science Park' , 'employee08@company.org', 98482613, null, '2021-02-16');
insert into Employees (eid, name, address, email, phone, depart_date, join_date) values ( 9, 'Laird McVane'       ,' 9 Science Park' , 'employee09@company.org', 98073228, null, '2021-02-07');
insert into Employees (eid, name, address, email, phone, depart_date, join_date) values (10, 'Israel Tynemouth'   ,'10 Science Park' , 'employee10@company.org', 98795258, null, '2021-03-23');
insert into Employees (eid, name, address, email, phone, depart_date, join_date) values (11, 'Feodor Challiss'    ,'11 Science Park' , 'employee11@company.org', 98564115, null, '2021-03-03');
insert into Employees (eid, name, address, email, phone, depart_date, join_date) values (12, 'Joela Berrey'       ,'12 Science Park' , 'employee12@company.org', 98427250, null, '2021-03-04');
insert into Employees (eid, name, address, email, phone, depart_date, join_date) values (13, 'Genni McFadyen'     ,'13 Science Park' , 'employee13@company.org', 98745131, null, '2021-01-30');
insert into Employees (eid, name, address, email, phone, depart_date, join_date) values (14, 'Shadow Hadlee'      ,'14 Science Park' , 'employee14@company.org', 98071431, null, '2021-01-28');
insert into Employees (eid, name, address, email, phone, depart_date, join_date) values (15, 'Shanna Ostick'      ,'15 Science Park' , 'employee15@company.org', 98917654, null, '2021-02-08');
insert into Employees (eid, name, address, email, phone, depart_date, join_date) values (16, 'Bat Loache'         ,'16 Science Park' , 'employee16@company.org', 98304894, null, '2021-03-28');
insert into Employees (eid, name, address, email, phone, depart_date, join_date) values (17, 'Leora Gentle'       ,'17 Science Park' , 'employee17@company.org', 98125270, null, '2021-04-11');
insert into Employees (eid, name, address, email, phone, depart_date, join_date) values (18, 'Edie Greguoli'      ,'18 Science Park' , 'employee18@company.org', 98675239, null, '2021-02-25');
insert into Employees (eid, name, address, email, phone, depart_date, join_date) values (19, 'Rupert Costi'       ,'19 Science Park' , 'employee19@company.org', 98193703, null, '2021-03-15');
insert into Employees (eid, name, address, email, phone, depart_date, join_date) values (20, 'Itch Duthie'        ,'20 Science Park' , 'employee20@company.org', 98593740, null, '2020-05-24');
insert into Employees (eid, name, address, email, phone, depart_date, join_date) values (21, 'Natalina Pohlke'    ,'21 Science Park' , 'employee21@company.org', 98480764, null, '2021-03-24');
insert into Employees (eid, name, address, email, phone, depart_date, join_date) values (22, 'Pammie Lewinton'    ,'22 Science Park' , 'employee22@company.org', 98630563, null, '2020-11-19');
insert into Employees (eid, name, address, email, phone, depart_date, join_date) values (23, 'Giulia Kalinsky'    ,'23 Science Park' , 'employee23@company.org', 98684775, null, '2020-09-17');
insert into Employees (eid, name, address, email, phone, depart_date, join_date) values (24, 'Marjy Stare'        ,'24 Science Park' , 'employee24@company.org', 98124018, null, '2020-06-02');
insert into Employees (eid, name, address, email, phone, depart_date, join_date) values (25, 'Melisandra Linnett' ,'25 Science Park' , 'employee25@company.org', 98402421, null, '2020-12-07');
insert into Employees (eid, name, address, email, phone, depart_date, join_date) values (26, 'Darryl Grunder'     ,'26 Science Park' , 'employee26@company.org', 98321664, null, '2020-12-20');
insert into Employees (eid, name, address, email, phone, depart_date, join_date) values (27, 'Vernice Creaney'    ,'27 Science Park' , 'employee27@company.org', 98769955, null, '2020-12-08');
insert into Employees (eid, name, address, email, phone, depart_date, join_date) values (28, 'Alessandra Killeen' ,'28 Science Park' , 'employee28@company.org', 98164869, null, '2021-03-09');
insert into Employees (eid, name, address, email, phone, depart_date, join_date) values (29, 'Hermine Benion'     ,'29 Science Park' , 'employee29@company.org', 98028597, null, '2020-08-06');
insert into Employees (eid, name, address, email, phone, depart_date, join_date) values (30, 'Mortie Finlator'    ,'30 Science Park' , 'employee30@company.org', 98289099, null, '2020-11-08');
insert into Employees (eid, name, address, email, phone, depart_date, join_date) values (31, 'Foster Treverton'   ,'31 Science Park' , 'employee31@company.org', 98672589, null, '2021-02-15');
insert into Employees (eid, name, address, email, phone, depart_date, join_date) values (32, 'Heriberto Minucci'  ,'32 Science Park' , 'employee32@company.org', 98416219, null, '2021-02-21');
insert into Employees (eid, name, address, email, phone, depart_date, join_date) values (33, 'Thorvald Scatchar'  ,'33 Science Park' , 'employee33@company.org', 98884164, null, '2021-03-15');
insert into Employees (eid, name, address, email, phone, depart_date, join_date) values (34, 'Wilhelm Stubbs'     ,'34 Science Park' , 'employee34@company.org', 98997630, null, '2021-01-04');
insert into Employees (eid, name, address, email, phone, depart_date, join_date) values (35, 'Muriel Wann'        ,'35 Science Park' , 'employee35@company.org', 98870430, null, '2021-01-20');
insert into Employees (eid, name, address, email, phone, depart_date, join_date) values (36, 'Jeannine Boote'     ,'36 Science Park' , 'employee36@company.org', 98778470, null, '2021-03-30');
insert into Employees (eid, name, address, email, phone, depart_date, join_date) values (37, 'Tait McGaughey'     ,'37 Science Park' , 'employee37@company.org', 98574157, null, '2020-12-27');
insert into Employees (eid, name, address, email, phone, depart_date, join_date) values (38, 'Carlen Burrill'     ,'38 Science Park' , 'employee38@company.org', 98953638, null, '2021-02-02');
insert into Employees (eid, name, address, email, phone, depart_date, join_date) values (39, 'Delmar Hazel'       ,'39 Science Park' , 'employee39@company.org', 98609724, null, '2021-05-07');
insert into Employees (eid, name, address, email, phone, depart_date, join_date) values (40, 'Marylee Newtown'    ,'40 Science Park' , 'employee40@company.org', 98228950, null, '2020-11-26');
insert into Employees (eid, name, address, email, phone, depart_date, join_date) values (41, 'Leighton Gyorgy'    ,'41 Science Park' , 'employee41@company.org', 98692084, null, '2020-11-21');
insert into Employees (eid, name, address, email, phone, depart_date, join_date) values (42, 'Jaquenetta Bunt'    ,'42 Science Park' , 'employee42@company.org', 98914020, null, '2021-03-15');
insert into Employees (eid, name, address, email, phone, depart_date, join_date) values (43, 'Iggy Brayley'       ,'43 Science Park' , 'employee43@company.org', 98415176, null, '2021-02-20');
insert into Employees (eid, name, address, email, phone, depart_date, join_date) values (44, 'Dana Abella'        ,'44 Science Park' , 'employee44@company.org', 98419301, null, '2020-11-21');
insert into Employees (eid, name, address, email, phone, depart_date, join_date) values (45, 'Carline Claque'     ,'45 Science Park' , 'employee45@company.org', 98605405, null, '2021-10-01');
insert into Employees (eid, name, address, email, phone, depart_date, join_date) values (46, 'Jimmie Spurr'       ,'46 Science Park' , 'employee46@company.org', 98661532, null, '2021-01-19');
insert into Employees (eid, name, address, email, phone, depart_date, join_date) values (47, 'Filia Cowey'        ,'47 Science Park' , 'employee47@company.org', 98317739, null, '2020-08-02');
insert into Employees (eid, name, address, email, phone, depart_date, join_date) values (48, 'Celestine Ransom'   ,'48 Science Park' , 'employee48@company.org', 98628642, null, '2020-09-22');
insert into Employees (eid, name, address, email, phone, depart_date, join_date) values (49, 'Erik Dell'          ,'49 Science Park' , 'employee49@company.org', 98761365, null, '2020-08-25');
insert into Employees (eid, name, address, email, phone, depart_date, join_date) values (50, 'Alene Ruffles'      ,'50 Science Park' , 'employee50@company.org', 98471613, null, '2020-10-11');

/* Full_Time_Employees, eid: 1-40 */
insert into Full_Time_Employees (eid, monthly_salary) values ( 1, 4796);
insert into Full_Time_Employees (eid, monthly_salary) values ( 2, 4814);
insert into Full_Time_Employees (eid, monthly_salary) values ( 3, 4362);
insert into Full_Time_Employees (eid, monthly_salary) values ( 4, 4654);
insert into Full_Time_Employees (eid, monthly_salary) values ( 5, 3737);
insert into Full_Time_Employees (eid, monthly_salary) values ( 6, 4943);
insert into Full_Time_Employees (eid, monthly_salary) values ( 7, 4867);
insert into Full_Time_Employees (eid, monthly_salary) values ( 8, 3518);
insert into Full_Time_Employees (eid, monthly_salary) values ( 9, 4320);
insert into Full_Time_Employees (eid, monthly_salary) values (10, 3860);
insert into Full_Time_Employees (eid, monthly_salary) values (11, 4053);
insert into Full_Time_Employees (eid, monthly_salary) values (12, 4339);
insert into Full_Time_Employees (eid, monthly_salary) values (13, 3672);
insert into Full_Time_Employees (eid, monthly_salary) values (14, 4897);
insert into Full_Time_Employees (eid, monthly_salary) values (15, 4248);
insert into Full_Time_Employees (eid, monthly_salary) values (16, 4788);
insert into Full_Time_Employees (eid, monthly_salary) values (17, 3795);
insert into Full_Time_Employees (eid, monthly_salary) values (18, 3988);
insert into Full_Time_Employees (eid, monthly_salary) values (19, 4933);
insert into Full_Time_Employees (eid, monthly_salary) values (20, 4269);
insert into Full_Time_Employees (eid, monthly_salary) values (21, 4928);
insert into Full_Time_Employees (eid, monthly_salary) values (22, 4290);
insert into Full_Time_Employees (eid, monthly_salary) values (23, 4619);
insert into Full_Time_Employees (eid, monthly_salary) values (24, 3826);
insert into Full_Time_Employees (eid, monthly_salary) values (25, 4183);
insert into Full_Time_Employees (eid, monthly_salary) values (26, 4055);
insert into Full_Time_Employees (eid, monthly_salary) values (27, 3940);
insert into Full_Time_Employees (eid, monthly_salary) values (28, 4293);
insert into Full_Time_Employees (eid, monthly_salary) values (29, 3865);
insert into Full_Time_Employees (eid, monthly_salary) values (30, 4195);
insert into Full_Time_Employees (eid, monthly_salary) values (31, 3694);
insert into Full_Time_Employees (eid, monthly_salary) values (32, 4183);
insert into Full_Time_Employees (eid, monthly_salary) values (33, 4145);
insert into Full_Time_Employees (eid, monthly_salary) values (34, 4064);
insert into Full_Time_Employees (eid, monthly_salary) values (35, 4030);
insert into Full_Time_Employees (eid, monthly_salary) values (36, 4325);
insert into Full_Time_Employees (eid, monthly_salary) values (37, 4064);
insert into Full_Time_Employees (eid, monthly_salary) values (38, 4264);
insert into Full_Time_Employees (eid, monthly_salary) values (39, 3695);
insert into Full_Time_Employees (eid, monthly_salary) values (40, 3877);

/* Part_Time_Employees, eid: 41-50 */
insert into Part_Time_Employees (eid, hourly_rate) values (41, 12);
insert into Part_Time_Employees (eid, hourly_rate) values (42, 12);
insert into Part_Time_Employees (eid, hourly_rate) values (43, 13);
insert into Part_Time_Employees (eid, hourly_rate) values (44, 15);
insert into Part_Time_Employees (eid, hourly_rate) values (45, 16);
insert into Part_Time_Employees (eid, hourly_rate) values (46, 12);
insert into Part_Time_Employees (eid, hourly_rate) values (47, 12);
insert into Part_Time_Employees (eid, hourly_rate) values (48, 13);
insert into Part_Time_Employees (eid, hourly_rate) values (49, 15);
insert into Part_Time_Employees (eid, hourly_rate) values (50, 16);

/* Administrators, eid: 1-10 */
insert into Administrators (eid) values (1);
insert into Administrators (eid) values (2);
insert into Administrators (eid) values (3);
insert into Administrators (eid) values (4);
insert into Administrators (eid) values (5);
insert into Administrators (eid) values (6);
insert into Administrators (eid) values (7);
insert into Administrators (eid) values (8);
insert into Administrators (eid) values (9);
insert into Administrators (eid) values (10);

/* Managers, eid: 11-20 */
insert into Managers (eid) values (11);
insert into Managers (eid) values (12);
insert into Managers (eid) values (13);
insert into Managers (eid) values (14);
insert into Managers (eid) values (15);
insert into Managers (eid) values (16);
insert into Managers (eid) values (17);
insert into Managers (eid) values (18);
insert into Managers (eid) values (19);
insert into Managers (eid) values (20);

/* Instructors, eid: 21-50 */
insert into Instructors (eid) values (21);
insert into Instructors (eid) values (22);
insert into Instructors (eid) values (23);
insert into Instructors (eid) values (24);
insert into Instructors (eid) values (25);
insert into Instructors (eid) values (26);
insert into Instructors (eid) values (27);
insert into Instructors (eid) values (28);
insert into Instructors (eid) values (29);
insert into Instructors (eid) values (30);
insert into Instructors (eid) values (31);
insert into Instructors (eid) values (32);
insert into Instructors (eid) values (33);
insert into Instructors (eid) values (34);
insert into Instructors (eid) values (35);
insert into Instructors (eid) values (36);
insert into Instructors (eid) values (37);
insert into Instructors (eid) values (38);
insert into Instructors (eid) values (39);
insert into Instructors (eid) values (40);
insert into Instructors (eid) values (41);
insert into Instructors (eid) values (42);
insert into Instructors (eid) values (43);
insert into Instructors (eid) values (44);
insert into Instructors (eid) values (45);
insert into Instructors (eid) values (46);
insert into Instructors (eid) values (47);
insert into Instructors (eid) values (48);
insert into Instructors (eid) values (49);
insert into Instructors (eid) values (50);

/* Full_Time_Instructors, eid: 21-40 */
insert into Full_Time_Instructors (eid) values (21);
insert into Full_Time_Instructors (eid) values (22);
insert into Full_Time_Instructors (eid) values (23);
insert into Full_Time_Instructors (eid) values (24);
insert into Full_Time_Instructors (eid) values (25);
insert into Full_Time_Instructors (eid) values (26);
insert into Full_Time_Instructors (eid) values (27);
insert into Full_Time_Instructors (eid) values (28);
insert into Full_Time_Instructors (eid) values (29);
insert into Full_Time_Instructors (eid) values (30);
insert into Full_Time_Instructors (eid) values (31);
insert into Full_Time_Instructors (eid) values (32);
insert into Full_Time_Instructors (eid) values (33);
insert into Full_Time_Instructors (eid) values (34);
insert into Full_Time_Instructors (eid) values (35);
insert into Full_Time_Instructors (eid) values (36);
insert into Full_Time_Instructors (eid) values (37);
insert into Full_Time_Instructors (eid) values (38);
insert into Full_Time_Instructors (eid) values (39);
insert into Full_Time_Instructors (eid) values (40);

/* Part_Time_Instructors, eid: 41-50 */
insert into Part_Time_Instructors (eid) values (41);
insert into Part_Time_Instructors (eid) values (42);
insert into Part_Time_Instructors (eid) values (43);
insert into Part_Time_Instructors (eid) values (44);
insert into Part_Time_Instructors (eid) values (45);
insert into Part_Time_Instructors (eid) values (46);
insert into Part_Time_Instructors (eid) values (47);
insert into Part_Time_Instructors (eid) values (48);
insert into Part_Time_Instructors (eid) values (49);
insert into Part_Time_Instructors (eid) values (50);

/* Rooms */
insert into Rooms (rid, location, seating_capacity) values (1 , '1  Higher Education Rd', 10);
insert into Rooms (rid, location, seating_capacity) values (2 , '2  Higher Education Rd', 20);
insert into Rooms (rid, location, seating_capacity) values (3 , '3  Higher Education Rd', 30);
insert into Rooms (rid, location, seating_capacity) values (4 , '4  Higher Education Rd', 40);
insert into Rooms (rid, location, seating_capacity) values (5 , '5  Higher Education Rd', 50);
insert into Rooms (rid, location, seating_capacity) values (6 , '6  Higher Education Rd', 60);
insert into Rooms (rid, location, seating_capacity) values (7 , '7  Higher Education Rd', 70);
insert into Rooms (rid, location, seating_capacity) values (8 , '8  Higher Education Rd', 80);
insert into Rooms (rid, location, seating_capacity) values (9 , '9  Higher Education Rd', 90);
insert into Rooms (rid, location, seating_capacity) values (10, '10 Higher Education Rd', 100);
insert into Rooms (rid, location, seating_capacity) values (11, '11 Higher Education Rd', 110);
insert into Rooms (rid, location, seating_capacity) values (12, '12 Higher Education Rd', 120);
insert into Rooms (rid, location, seating_capacity) values (13, '13 Higher Education Rd', 130);
insert into Rooms (rid, location, seating_capacity) values (14, '14 Higher Education Rd', 140);
insert into Rooms (rid, location, seating_capacity) values (15, '15 Higher Education Rd', 150);
insert into Rooms (rid, location, seating_capacity) values (16, '16 Higher Education Rd', 160);
insert into Rooms (rid, location, seating_capacity) values (17, '17 Higher Education Rd', 170);
insert into Rooms (rid, location, seating_capacity) values (18, '18 Higher Education Rd', 180);
insert into Rooms (rid, location, seating_capacity) values (19, '19 Higher Education Rd', 190);
insert into Rooms (rid, location, seating_capacity) values (20, '20 Higher Education Rd', 200);

/** 
 * Course_Packages 
 * sale start date: 1
 * sale end date: 30
 * month is random, sales duration +- 6 months
 */ 
insert into Course_Packages (package_id, sale_start_date, sale_end_date, name, num_free_registration, price) values ( 1, '2021-03-01', '2021-09-30', 'Course Bundle  1',  5, 907.86);
insert into Course_Packages (package_id, sale_start_date, sale_end_date, name, num_free_registration, price) values ( 2, '2021-03-01', '2021-09-30', 'Course Bundle  2',  5, 451.54);
insert into Course_Packages (package_id, sale_start_date, sale_end_date, name, num_free_registration, price) values ( 3, '2021-03-01', '2021-09-30', 'Course Bundle  3',  5, 624.19);
insert into Course_Packages (package_id, sale_start_date, sale_end_date, name, num_free_registration, price) values ( 4, '2021-03-01', '2021-09-30', 'Course Bundle  4',  5, 861.92);
insert into Course_Packages (package_id, sale_start_date, sale_end_date, name, num_free_registration, price) values ( 5, '2021-03-01', '2021-09-30', 'Course Bundle  5',  5, 606.94);
insert into Course_Packages (package_id, sale_start_date, sale_end_date, name, num_free_registration, price) values ( 6, '2021-04-01', '2021-10-30', 'Course Bundle  6',  5, 482.03);
insert into Course_Packages (package_id, sale_start_date, sale_end_date, name, num_free_registration, price) values ( 7, '2021-04-01', '2021-10-30', 'Course Bundle  7',  5, 929.7);
insert into Course_Packages (package_id, sale_start_date, sale_end_date, name, num_free_registration, price) values ( 8, '2021-04-01', '2021-10-30', 'Course Bundle  8',  5, 426.35);
insert into Course_Packages (package_id, sale_start_date, sale_end_date, name, num_free_registration, price) values ( 9, '2021-04-01', '2021-10-30', 'Course Bundle  9',  5, 242.66);
insert into Course_Packages (package_id, sale_start_date, sale_end_date, name, num_free_registration, price) values (10, '2021-04-01', '2021-10-30', 'Course Bundle 10', 10, 691.13);
insert into Course_Packages (package_id, sale_start_date, sale_end_date, name, num_free_registration, price) values (11, '2021-06-01', '2021-12-30', 'Course Bundle 11', 11, 42.17);
insert into Course_Packages (package_id, sale_start_date, sale_end_date, name, num_free_registration, price) values (12, '2021-06-01', '2021-12-30', 'Course Bundle 12', 12, 751.0);
insert into Course_Packages (package_id, sale_start_date, sale_end_date, name, num_free_registration, price) values (13, '2021-06-01', '2021-12-30', 'Course Bundle 13', 13, 937.71);
insert into Course_Packages (package_id, sale_start_date, sale_end_date, name, num_free_registration, price) values (14, '2021-10-01', '2022-04-30', 'Course Bundle 14', 14, 594.56);
insert into Course_Packages (package_id, sale_start_date, sale_end_date, name, num_free_registration, price) values (15, '2021-10-01', '2022-04-30', 'Course Bundle 15', 15, 359.16);
insert into Course_Packages (package_id, sale_start_date, sale_end_date, name, num_free_registration, price) values (16, '2021-12-01', '2022-06-30', 'Course Bundle 16', 16, 155.3);
insert into Course_Packages (package_id, sale_start_date, sale_end_date, name, num_free_registration, price) values (17, '2021-12-01', '2022-06-30', 'Course Bundle 17', 17, 958.67);
insert into Course_Packages (package_id, sale_start_date, sale_end_date, name, num_free_registration, price) values (18, '2021-12-01', '2022-06-30', 'Course Bundle 18', 18, 49.5);
insert into Course_Packages (package_id, sale_start_date, sale_end_date, name, num_free_registration, price) values (19, '2021-12-01', '2022-06-30', 'Course Bundle 19', 19, 647.05);
insert into Course_Packages (package_id, sale_start_date, sale_end_date, name, num_free_registration, price) values (20, '2021-12-01', '2022-06-30', 'Course Bundle 20', 20, 920.03);

/**
 * Buys
 * Customer i buys package number i, for i in 1..15
 * They buy the package on day number i, on the same month of sale_start_date
 * Customer 16 - 20 don't buy any package
 * Initially num_remaining_redemptions = num_free_registration
 */ 
insert into Buys (purchase_date, package_id, card_number, num_remaining_redemptions) values ('2021-03-01',  1, '5050210221029901',  5);
insert into Buys (purchase_date, package_id, card_number, num_remaining_redemptions) values ('2021-03-02',  2, '5050210221029902',  5);
insert into Buys (purchase_date, package_id, card_number, num_remaining_redemptions) values ('2021-03-03',  3, '5050210221029903',  5);
insert into Buys (purchase_date, package_id, card_number, num_remaining_redemptions) values ('2021-03-04',  4, '5050210221029904',  5);
insert into Buys (purchase_date, package_id, card_number, num_remaining_redemptions) values ('2021-03-05',  5, '5050210221029905',  5);
insert into Buys (purchase_date, package_id, card_number, num_remaining_redemptions) values ('2021-04-06',  6, '5050210221029906',  5);
insert into Buys (purchase_date, package_id, card_number, num_remaining_redemptions) values ('2021-04-07',  7, '5050210221029907',  5);
insert into Buys (purchase_date, package_id, card_number, num_remaining_redemptions) values ('2021-04-08',  8, '5050210221029908',  5);
insert into Buys (purchase_date, package_id, card_number, num_remaining_redemptions) values ('2021-04-09',  9, '5050210221029909',  5);
insert into Buys (purchase_date, package_id, card_number, num_remaining_redemptions) values ('2021-04-10', 10, '5050210221029910', 10);
insert into Buys (purchase_date, package_id, card_number, num_remaining_redemptions) values ('2021-06-11', 11, '5050210221029911', 11);
insert into Buys (purchase_date, package_id, card_number, num_remaining_redemptions) values ('2021-06-12', 12, '5050210221029912', 12);
insert into Buys (purchase_date, package_id, card_number, num_remaining_redemptions) values ('2021-06-13', 13, '5050210221029913', 13);
insert into Buys (purchase_date, package_id, card_number, num_remaining_redemptions) values ('2021-10-14', 14, '5050210221029914', 14);
insert into Buys (purchase_date, package_id, card_number, num_remaining_redemptions) values ('2021-10-15', 15, '5050210221029915', 15);

/**
 * Course_Areas 
 * 10 course areas, managed by 6 managers
 * eid 11 manages 4 areas, eid 12 manages 2 area
 * eid 16-19 manages 0 area
 */
insert into Course_Areas (name, eid) values ('Database system'         , 11);
insert into Course_Areas (name, eid) values ('Computational Biology'   , 11);
insert into Course_Areas (name, eid) values ('Quantum Computing'       , 11);
insert into Course_Areas (name, eid) values ('IoT'                     , 11);
insert into Course_Areas (name, eid) values ('Processors and Compilers', 12);
insert into Course_Areas (name, eid) values ('Artificial Intelligence' , 12);
insert into Course_Areas (name, eid) values ('Programming Languages'   , 13);
insert into Course_Areas (name, eid) values ('Computer Security'       , 14);
insert into Course_Areas (name, eid) values ('Computer Networks'       , 15);
insert into Course_Areas (name, eid) values ('Parallel Computing'      , 20);

/** 
 * Courses
 * There does not exist a course from the parallel computing area
 * Default duration: 2, add one for each non-unique area. Max = 4 
*/
insert into Courses (course_id, title, name, duration, description) values ( 1, 'Introduction to PFGE'                          , 'Database system'         , 2, 'Desc. Aenean auctor gravida sem. ');
insert into Courses (course_id, title, name, duration, description) values ( 2, 'Introduction to BCNF'                          , 'Database system'         , 2, 'Desc. totorn auctor gravide semsd');
insert into Courses (course_id, title, name, duration, description) values ( 3, 'Introduction to NCSim'                         , 'Database system'         , 3, 'Desc. Sed accumsan felis. Ut at d');
insert into Courses (course_id, title, name, duration, description) values ( 4, 'Introduction to Graduate Recruitment'          , 'Database system'         , 4, 'Desc. Proin leo odio             ');
insert into Courses (course_id, title, name, duration, description) values ( 5, 'Introduction to Tax Advisory'                  , 'Computational Biology'   , 2, 'Desc. Donec dapibus. Duis at veli');
insert into Courses (course_id, title, name, duration, description) values ( 6, 'Introduction to IDL'                           , 'Quantum Computing'       , 2, 'Desc. Donec dapibus. Duis at veli');
insert into Courses (course_id, title, name, duration, description) values ( 7, 'Introduction to Quantum Entanglement'          , 'Quantum Computing'       , 3, 'Desc. Donec pusing . Dui banget i');
insert into Courses (course_id, title, name, duration, description) values ( 8, 'Introduction to iPhone Application Development', 'IoT'                     , 2, 'Desc. In hac habitasse platea dic');
insert into Courses (course_id, title, name, duration, description) values ( 9, 'Introduction to VMI Programs'                  , 'IoT'                     , 3, 'Desc. Proin interdum mauris non l');
insert into Courses (course_id, title, name, duration, description) values (10, 'Introduction to Medical Illustration'          , 'IoT'                     , 4, 'Desc. Vestibulum ante ipsum primi');
insert into Courses (course_id, title, name, duration, description) values (11, 'Introduction to PPMS'                          , 'IoT'                     , 4, 'Desc. Proin risus. Praesent lectu');
insert into Courses (course_id, title, name, duration, description) values (12, 'Introduction to Rational DOORS'                , 'IoT'                     , 4, 'Desc. Nulla facilisi. Cras non ve');
insert into Courses (course_id, title, name, duration, description) values (13, 'Introduction to VT'                            , 'Processors and Compilers', 2, 'Desc. Ut at dolor quis odio conse');
insert into Courses (course_id, title, name, duration, description) values (14, 'Introduction to TBB'                           , 'Artificial Intelligence' , 2, 'Desc. Cras pellentesque volutpat ');
insert into Courses (course_id, title, name, duration, description) values (15, 'Introduction to Small Business Lending'        , 'Artificial Intelligence' , 3, 'Desc. Nulla justo. Aliquam quis t');
insert into Courses (course_id, title, name, duration, description) values (16, 'Introduction to Financial Planning'            , 'Artificial Intelligence' , 4, 'Desc. Vestibulum ac est lacinia n');
insert into Courses (course_id, title, name, duration, description) values (17, 'Introduction to Sheet Metal'                   , 'Programming Languages'   , 2, 'Desc. Morbi porttitor lorem id li');
insert into Courses (course_id, title, name, duration, description) values (18, 'Introduction to Full SDLC'                     , 'Computer Security'       , 2, 'Desc. Nunc rhoncus dui vel sem. S');
insert into Courses (course_id, title, name, duration, description) values (19, 'Introduction to Lean Manufacturing'            , 'Computer Networks'       , 2, 'Desc. Mauris ullamcorper purus si');
insert into Courses (course_id, title, name, duration, description) values (20, 'Introduction to FrameMaker'                    , 'Computer Networks'       , 3, 'Desc. Suspendisse potenti. Nullam');

/** 
 * Offerings
 * start date: earliest start date of sessions
 * end date: latest end date of sessions
 * seating_capacity = sum of seating capacities of its sessions 
 *
 * Admin 8, 9, 20 does not handle any offering
 * Admin 5 and 10 handles 4 offerings, admin 7 handles 2, 8 and 9 handles 3
 * Course 20 has 3 offerings, 19 has 2 offerings
 * Course 16-18 has no offering
 * 
 * unique (launch_date, course_id)
 * start date <= end date
 * seating capacity >= target number registration
 * registration deadline at least 10 days before start date
 */
insert into Offerings (launch_date, start_date, end_date, registration_deadline, target_number_registrations, seating_capacity, fees, course_id, eid) values ('2020-11-01', '2020-04-05', '2020-04-08', '2020-03-20', 35 , 40 , 726.3 , 1 , 1 ); -- launch date diff year, diff end date
insert into Offerings (launch_date, start_date, end_date, registration_deadline, target_number_registrations, seating_capacity, fees, course_id, eid) values ('2020-12-01', '2020-04-05', '2020-04-05', '2020-03-20', 15 , 20 , 76.03 , 2 , 2 ); -- launch date diff year,
insert into Offerings (launch_date, start_date, end_date, registration_deadline, target_number_registrations, seating_capacity, fees, course_id, eid) values ('2021-03-01', '2021-04-05', '2021-04-05', '2021-03-20', 25 , 30 , 500.83, 3 , 3 );                         
insert into Offerings (launch_date, start_date, end_date, registration_deadline, target_number_registrations, seating_capacity, fees, course_id, eid) values ('2021-03-01', '2021-04-05', '2021-04-05', '2021-03-20', 35 , 40 , 698.35, 4 , 4 );                         
insert into Offerings (launch_date, start_date, end_date, registration_deadline, target_number_registrations, seating_capacity, fees, course_id, eid) values ('2021-02-01', '2021-04-05', '2021-04-05', '2021-03-20', 45 , 50 , 178.88, 5 , 5 ); -- launch date -1 month 
insert into Offerings (launch_date, start_date, end_date, registration_deadline, target_number_registrations, seating_capacity, fees, course_id, eid) values ('2021-03-01', '2021-04-05', '2021-04-05', '2021-03-20', 55 , 60 , 551.47, 6 , 5 );                         
insert into Offerings (launch_date, start_date, end_date, registration_deadline, target_number_registrations, seating_capacity, fees, course_id, eid) values ('2021-04-01', '2021-04-05', '2021-04-05', '2021-03-20', 65 , 70 , 276.74, 7 , 5 ); -- launch date +1 month 
insert into Offerings (launch_date, start_date, end_date, registration_deadline, target_number_registrations, seating_capacity, fees, course_id, eid) values ('2021-03-01', '2021-04-05', '2021-04-05', '2021-03-20', 75 , 80 , 969.12, 8 , 5 );                         
insert into Offerings (launch_date, start_date, end_date, registration_deadline, target_number_registrations, seating_capacity, fees, course_id, eid) values ('2021-03-01', '2021-04-05', '2021-04-05', '2021-03-20', 85 , 90 , 256.6 , 9 , 7 );                         
insert into Offerings (launch_date, start_date, end_date, registration_deadline, target_number_registrations, seating_capacity, fees, course_id, eid) values ('2021-03-01', '2021-04-05', '2021-04-05', '2021-03-20', 95 , 100, 492.53, 10, 7);                         
insert into Offerings (launch_date, start_date, end_date, registration_deadline, target_number_registrations, seating_capacity, fees, course_id, eid) values ('2021-03-01', '2021-04-05', '2021-04-05', '2021-03-20', 10 , 110, 707.46, 11, 8); 
insert into Offerings (launch_date, start_date, end_date, registration_deadline, target_number_registrations, seating_capacity, fees, course_id, eid) values ('2021-03-01', '2021-04-05', '2021-04-05', '2021-03-20', 115, 120, 438.7 , 12, 8);                         
insert into Offerings (launch_date, start_date, end_date, registration_deadline, target_number_registrations, seating_capacity, fees, course_id, eid) values ('2021-03-01', '2021-04-05', '2021-04-05', '2021-03-20', 125, 130, 276.88, 13, 8);                         
insert into Offerings (launch_date, start_date, end_date, registration_deadline, target_number_registrations, seating_capacity, fees, course_id, eid) values ('2021-03-01', '2021-04-05', '2021-04-05', '2021-03-20', 275, 280, 82.38 , 14, 9);                         
insert into Offerings (launch_date, start_date, end_date, registration_deadline, target_number_registrations, seating_capacity, fees, course_id, eid) values ('2021-03-01', '2021-04-05', '2021-04-06', '2021-03-20', 145, 150, 456.62, 15, 9); -- diff end date        
insert into Offerings (launch_date, start_date, end_date, registration_deadline, target_number_registrations, seating_capacity, fees, course_id, eid) values ('2021-03-01', '2021-04-05', '2021-04-05', '2021-03-20', 155, 160, 486.36, 19, 9);                         
insert into Offerings (launch_date, start_date, end_date, registration_deadline, target_number_registrations, seating_capacity, fees, course_id, eid) values ('2021-04-01', '2021-04-05', '2021-04-05', '2021-03-20', 165, 170, 932.9 , 19, 10); -- launch date + 1 month  
insert into Offerings (launch_date, start_date, end_date, registration_deadline, target_number_registrations, seating_capacity, fees, course_id, eid) values ('2021-03-01', '2021-04-05', '2021-04-05', '2021-03-20', 175, 180, 208.81, 20, 10);                          
insert into Offerings (launch_date, start_date, end_date, registration_deadline, target_number_registrations, seating_capacity, fees, course_id, eid) values ('2021-04-01', '2021-04-05', '2021-04-05', '2021-03-20', 185, 190, 284.76, 20, 10); -- launch date + 1 month                          
insert into Offerings (launch_date, start_date, end_date, registration_deadline, target_number_registrations, seating_capacity, fees, course_id, eid) values ('2021-05-01', '2021-04-05', '2021-04-05', '2021-03-20', 195, 200, 526.07, 20, 10); -- launch date + 2 month                         

/** 
 * Sessions
 * each one offering have one session
 * course_id 1 has 4 sessions -> start date = 5 apr, end date = 8 apr
 * course_id 14 has 2 sessions -> start date = 5 apr, end date = 6 apr
 * the sessions for a course offering are numbered consecutively starting from 1 
 * no two sessions for the same course offering can be conducted on the same day and at the same time
 */
insert into Sessions (sid, session_date, start_time, end_time, course_id, launch_date, rid, eid) values (1, '2021-04-05', '2021-04-05 09:00:00', '2021-04-05 11:00:00', 1 , '2020-11-01', 1 , 21);
insert into Sessions (sid, session_date, start_time, end_time, course_id, launch_date, rid, eid) values (2, '2021-04-06', '2021-04-06 09:00:00', '2021-04-06 11:00:00', 1 , '2020-11-01', 1 , 22);
insert into Sessions (sid, session_date, start_time, end_time, course_id, launch_date, rid, eid) values (3, '2021-04-07', '2021-04-07 09:00:00', '2021-04-07 11:00:00', 1 , '2020-11-01', 1 , 23);
insert into Sessions (sid, session_date, start_time, end_time, course_id, launch_date, rid, eid) values (4, '2021-04-08', '2021-04-08 09:00:00', '2021-04-08 11:00:00', 1 , '2020-11-01', 1 , 24);
insert into Sessions (sid, session_date, start_time, end_time, course_id, launch_date, rid, eid) values (1, '2021-04-05', '2021-04-05 09:00:00', '2021-04-05 11:00:00', 2 , '2020-12-01', 2 , 25);
insert into Sessions (sid, session_date, start_time, end_time, course_id, launch_date, rid, eid) values (1, '2021-04-05', '2021-04-05 09:00:00', '2021-04-05 12:00:00', 3 , '2021-03-01', 3 , 26);
insert into Sessions (sid, session_date, start_time, end_time, course_id, launch_date, rid, eid) values (1, '2021-04-05', '2021-04-05 14:00:00', '2021-04-05 18:00:00', 4 , '2021-03-01', 4 , 27); -- 2pm to 6pm
insert into Sessions (sid, session_date, start_time, end_time, course_id, launch_date, rid, eid) values (1, '2021-04-05', '2021-04-05 09:00:00', '2021-04-05 11:00:00', 5 , '2021-02-01', 5 , 28);
insert into Sessions (sid, session_date, start_time, end_time, course_id, launch_date, rid, eid) values (1, '2021-04-05', '2021-04-05 09:00:00', '2021-04-05 11:00:00', 6 , '2021-03-01', 6 , 30);
insert into Sessions (sid, session_date, start_time, end_time, course_id, launch_date, rid, eid) values (1, '2021-04-05', '2021-04-05 09:00:00', '2021-04-05 12:00:00', 7 , '2021-04-01', 7 , 31);
insert into Sessions (sid, session_date, start_time, end_time, course_id, launch_date, rid, eid) values (1, '2021-04-05', '2021-04-05 09:00:00', '2021-04-05 11:00:00', 8 , '2021-03-01', 8 , 34);
insert into Sessions (sid, session_date, start_time, end_time, course_id, launch_date, rid, eid) values (1, '2021-04-05', '2021-04-05 09:00:00', '2021-04-05 12:00:00', 9 , '2021-03-01', 9 , 35);
insert into Sessions (sid, session_date, start_time, end_time, course_id, launch_date, rid, eid) values (1, '2021-04-05', '2021-04-05 14:00:00', '2021-04-05 18:00:00', 10, '2021-03-01', 10, 36);
insert into Sessions (sid, session_date, start_time, end_time, course_id, launch_date, rid, eid) values (1, '2021-04-05', '2021-04-05 14:00:00', '2021-04-05 18:00:00', 11, '2021-03-01', 11 , 37);
insert into Sessions (sid, session_date, start_time, end_time, course_id, launch_date, rid, eid) values (1, '2021-04-05', '2021-04-05 14:00:00', '2021-04-05 18:00:00', 12, '2021-03-01', 12 , 34); -- same instructor
insert into Sessions (sid, session_date, start_time, end_time, course_id, launch_date, rid, eid) values (1, '2021-04-05', '2021-04-05 14:00:00', '2021-04-05 16:00:00', 13, '2021-03-01', 13 , 38); -- 13 onwards starts on 14.00
insert into Sessions (sid, session_date, start_time, end_time, course_id, launch_date, rid, eid) values (1, '2021-04-05', '2021-04-05 14:00:00', '2021-04-05 16:00:00', 14, '2021-03-01', 14 , 21); -- instructor 21 and 22 teaches twice 
insert into Sessions (sid, session_date, start_time, end_time, course_id, launch_date, rid, eid) values (2, '2021-04-07', '2021-04-07 14:00:00', '2021-04-07 16:00:00', 14, '2021-03-01', 14 , 22);  
insert into Sessions (sid, session_date, start_time, end_time, course_id, launch_date, rid, eid) values (1, '2021-04-05', '2021-04-05 14:00:00', '2021-04-05 17:00:00', 15, '2021-03-01', 15 , 23);
insert into Sessions (sid, session_date, start_time, end_time, course_id, launch_date, rid, eid) values (1, '2021-04-05', '2021-04-05 14:00:00', '2021-04-05 18:00:00', 19, '2021-03-01', 16 , 40);
insert into Sessions (sid, session_date, start_time, end_time, course_id, launch_date, rid, eid) values (1, '2021-04-05', '2021-04-05 14:00:00', '2021-04-05 16:00:00', 19, '2021-04-01', 17 , 41);
insert into Sessions (sid, session_date, start_time, end_time, course_id, launch_date, rid, eid) values (1, '2021-04-05', '2021-04-05 14:00:00', '2021-04-05 16:00:00', 20, '2021-03-01', 18 , 42);
insert into Sessions (sid, session_date, start_time, end_time, course_id, launch_date, rid, eid) values (1, '2021-04-05', '2021-04-05 14:00:00', '2021-04-05 16:00:00', 20, '2021-04-01', 19 , 43);
insert into Sessions (sid, session_date, start_time, end_time, course_id, launch_date, rid, eid) values (1, '2021-04-05', '2021-04-05 14:00:00', '2021-04-05 17:00:00', 20, '2021-05-01', 20, 40); -- same instructor

/**
* Redeems 
* currently redeem_date is exactly the same with session_date
*/
-- insert into Redeems (redeem_date, package_id, card_number, purchase_date, sid, course_id, launch_date) values ('2021-04-05', 11,'5048371508404496','2021-03-01 02:17:26',1, 11, '2021-03-07 01:50:35');
-- insert into Redeems (redeem_date, package_id, card_number, purchase_date, sid, course_id, launch_date) values ('2021-04-06', 13,'5108759034811803','2021-04-05 12:17:28',2, 29, '2021-03-01 03:30:59');
-- insert into Redeems (redeem_date, package_id, card_number, purchase_date, sid, course_id, launch_date) values ('2021-04-07', 6, '5048370038418307','2022-02-20 20:34:16',3, 42, '2021-03-03 07:37:07');
-- insert into Redeems (redeem_date, package_id, card_number, purchase_date, sid, course_id, launch_date) values ('2021-06-08', 12,'5108759034811803','2021-05-19 23:27:31',4,  4, '2021-03-03 05:25:58');
-- insert into Redeems (redeem_date, package_id, card_number, purchase_date, sid, course_id, launch_date) values ('2021-04-09', 12,'5108758777432884','2022-03-02 20:20:12',5,  1, '2021-03-04 00:50:19');
-- insert into Redeems (redeem_date, package_id, card_number, purchase_date, sid, course_id, launch_date) values ('2021-07-05', 19,'5048372282236518','2021-06-01 21:42:25',1, 18, '2021-03-04 12:22:47');
-- insert into Redeems (redeem_date, package_id, card_number, purchase_date, sid, course_id, launch_date) values ('2021-07-06', 7, '5048371304277260','2021-06-16 00:30:12',2,  2, '2021-03-03 16:07:15');
-- insert into Redeems (redeem_date, package_id, card_number, purchase_date, sid, course_id, launch_date) values ('2021-12-07', 6, '5108754093451666','2021-11-19 10:07:55',3, 43, '2021-03-05 21:49:26');
-- insert into Redeems (redeem_date, package_id, card_number, purchase_date, sid, course_id, launch_date) values ('2022-04-08', 17,'5048373029850934','2022-04-02 23:43:14',4, 28, '2021-03-02 22:28:41');
-- insert into Redeems (redeem_date, package_id, card_number, purchase_date, sid, course_id, launch_date) values ('2021-05-09', 10,'5048371304277260','2021-04-25 14:17:01',5, 38, '2021-03-04 02:04:52');

-- /**
-- * Registers 
-- * currently registration_date = registration_deadline - 1 day
-- */
-- insert into Registers (registration_date, card_number, sid, course_id, launch_date) values ('2021-01-20 06:55:41','5048371508404496',1, 11, '2021-03-07 01:50:35');
-- insert into Registers (registration_date, card_number, sid, course_id, launch_date) values ('2021-02-16 06:49:07','5108759034811803',2, 29, '2021-03-01 03:30:59');
-- insert into Registers (registration_date, card_number, sid, course_id, launch_date) values ('2022-02-08 07:10:44','5048370038418307',3, 42, '2021-03-03 07:37:07');
-- insert into Registers (registration_date, card_number, sid, course_id, launch_date) values ('2021-06-16 18:40:30','5108759034811803',4,  4, '2021-03-03 05:25:58');
-- insert into Registers (registration_date, card_number, sid, course_id, launch_date) values ('2021-02-20 15:21:15','5108758777432884',5,  1, '2021-03-04 00:50:19');
-- insert into Registers (registration_date, card_number, sid, course_id, launch_date) values ('2021-09-27 17:24:37','5048372282236518',1, 18, '2021-03-04 12:22:47');
-- insert into Registers (registration_date, card_number, sid, course_id, launch_date) values ('2021-06-01 00:28:34','5048371304277260',2,  2, '2021-03-03 16:07:15');
-- insert into Registers (registration_date, card_number, sid, course_id, launch_date) values ('2021-03-24 13:40:05','5108754093451666',3, 43, '2021-03-05 21:49:26');
-- insert into Registers (registration_date, card_number, sid, course_id, launch_date) values ('2021-10-16 16:27:38','5048373029850934',4, 28, '2021-03-02 22:28:41');
-- insert into Registers (registration_date, card_number, sid, course_id, launch_date) values ('2021-01-05 10:14:10','5048371304277260',5, 38, '2021-03-04 02:04:52');

-- /**
-- * Cancels 
-- * refund amt: 90% if the cancellation 
-- * currently the cancel date is exactly the same with registration_date from registers table
-- * <sic, course_id, launch_date> is exactly the same with Registers, Redeems, and Sessions
-- */
-- insert into Cancels (cancel_date, refund_amt, package_credit, cust_id, sid, course_id, launch_date) values ('2021-01-20 06:55:41', 0, 1, 16, 1, 11, '2021-03-07 01:50:35');
-- insert into Cancels (cancel_date, refund_amt, package_credit, cust_id, sid, course_id, launch_date) values ('2021-02-16 06:49:07', 0, 9, 11, 2, 29, '2021-03-01 03:30:59');
-- insert into Cancels (cancel_date, refund_amt, package_credit, cust_id, sid, course_id, launch_date) values ('2022-02-08 07:10:44', 0, 2, 17, 3, 42, '2021-03-03 07:37:07');
-- insert into Cancels (cancel_date, refund_amt, package_credit, cust_id, sid, course_id, launch_date) values ('2021-06-16 18:40:30', 0, 4,  4, 4,  4, '2021-03-03 05:25:58');
-- insert into Cancels (cancel_date, refund_amt, package_credit, cust_id, sid, course_id, launch_date) values ('2021-02-20 15:21:15', 0, 1,  7, 5,  1, '2021-03-04 00:50:19');
-- insert into Cancels (cancel_date, refund_amt, package_credit, cust_id, sid, course_id, launch_date) values ('2021-09-27 17:24:37', 0, 8,  4, 1, 18, '2021-03-04 12:22:47');
-- insert into Cancels (cancel_date, refund_amt, package_credit, cust_id, sid, course_id, launch_date) values ('2021-06-01 00:28:34', 0, 2, 18, 2,  2, '2021-03-03 16:07:15');
-- insert into Cancels (cancel_date, refund_amt, package_credit, cust_id, sid, course_id, launch_date) values ('2021-03-24 13:40:05', 0, 3, 12, 3, 43, '2021-03-05 21:49:26');
-- insert into Cancels (cancel_date, refund_amt, package_credit, cust_id, sid, course_id, launch_date) values ('2021-10-16 16:27:38', 0, 8,  5, 4, 28, '2021-03-02 22:28:41');
-- insert into Cancels (cancel_date, refund_amt, package_credit, cust_id, sid, course_id, launch_date) values ('2021-01-05 10:14:10', 0, 8,  1, 5, 38, '2021-03-04 02:04:52');

-- /**
-- * Pay_Slips, temporary values.
-- * amount = num_work_hours * hourly_rate
-- * OR
-- * amount = monthly salary * num_work_days / num_of_days_in_that_month
-- * num_work_hours for part time, num_work_days for full time
-- */
-- insert into Pay_slips (payment_date, amount, num_work_hours, num_work_days, eid) values ('2021-01-27', 0, null, 16, 1);
-- insert into Pay_slips (payment_date, amount, num_work_hours, num_work_days, eid) values ('2021-02-25', 0, null, 15, 2);
-- insert into Pay_slips (payment_date, amount, num_work_hours, num_work_days, eid) values ('2021-03-27', 0, null, 11, 3);
-- insert into Pay_slips (payment_date, amount, num_work_hours, num_work_days, eid) values ('2021-02-21', 0, null, 10, 4);
-- insert into Pay_slips (payment_date, amount, num_work_hours, num_work_days, eid) values ('2021-03-28', 0, null, 13, 5);
-- insert into Pay_slips (payment_date, amount, num_work_hours, num_work_days, eid) values ('2021-01-23', 0, null, 16, 6);
-- insert into Pay_slips (payment_date, amount, num_work_hours, num_work_days, eid) values ('2021-04-27', 0, null, 17, 7);
-- insert into Pay_slips (payment_date, amount, num_work_hours, num_work_days, eid) values ('2021-05-29', 0, null, 11, 8);
-- insert into Pay_slips (payment_date, amount, num_work_hours, num_work_days, eid) values ('2021-01-27', 0, null, 16, 9);
-- insert into Pay_slips (payment_date, amount, num_work_hours, num_work_days, eid) values ('2021-06-23', 0, null, 14, 10);
-- insert into Pay_slips (payment_date, amount, num_work_hours, num_work_days, eid) values ('2021-07-28', 0, null, 14, 11);
-- insert into Pay_slips (payment_date, amount, num_work_hours, num_work_days, eid) values ('2021-01-21', 0, null, 15, 12);
-- insert into Pay_slips (payment_date, amount, num_work_hours, num_work_days, eid) values ('2021-08-25', 0, null, 15, 13);
-- insert into Pay_slips (payment_date, amount, num_work_hours, num_work_days, eid) values ('2021-10-27', 0, null, 12, 14);
-- insert into Pay_slips (payment_date, amount, num_work_hours, num_work_days, eid) values ('2021-10-23', 0, null, 10, 15);
-- insert into Pay_slips (payment_date, amount, num_work_hours, num_work_days, eid) values ('2021-11-24', 0, null, 17, 16);
-- insert into Pay_slips (payment_date, amount, num_work_hours, num_work_days, eid) values ('2021-12-26', 0, null, 18, 17);
-- insert into Pay_slips (payment_date, amount, num_work_hours, num_work_days, eid) values ('2021-12-26', 0, null, 10, 18);
-- insert into Pay_slips (payment_date, amount, num_work_hours, num_work_days, eid) values ('2021-01-20', 0, null, 18, 19);
-- insert into Pay_slips (payment_date, amount, num_work_hours, num_work_days, eid) values ('2021-01-20', 0, null, 18, 20);
-- insert into Pay_slips (payment_date, amount, num_work_hours, num_work_days, eid) values ('2021-01-27', 0, null, 10, 21);
-- insert into Pay_slips (payment_date, amount, num_work_hours, num_work_days, eid) values ('2021-01-21', 0, null, 15, 22);
-- insert into Pay_slips (payment_date, amount, num_work_hours, num_work_days, eid) values ('2021-01-21', 0, null, 11, 23);
-- insert into Pay_slips (payment_date, amount, num_work_hours, num_work_days, eid) values ('2021-08-25', 0, null, 17, 24);
-- insert into Pay_slips (payment_date, amount, num_work_hours, num_work_days, eid) values ('2021-08-27', 0, null, 10, 25);
-- insert into Pay_slips (payment_date, amount, num_work_hours, num_work_days, eid) values ('2021-01-27', 0, null, 16, 26);
-- insert into Pay_slips (payment_date, amount, num_work_hours, num_work_days, eid) values ('2021-01-25', 0, null, 16, 27);
-- insert into Pay_slips (payment_date, amount, num_work_hours, num_work_days, eid) values ('2021-01-29', 0, null, 18, 28);
-- insert into Pay_slips (payment_date, amount, num_work_hours, num_work_days, eid) values ('2021-01-20', 0, null, 16, 29);
-- insert into Pay_slips (payment_date, amount, num_work_hours, num_work_days, eid) values ('2021-01-23', 0, null, 17, 30);
-- insert into Pay_slips (payment_date, amount, num_work_hours, num_work_days, eid) values ('2021-01-27', 0, null, 11, 31);
-- insert into Pay_slips (payment_date, amount, num_work_hours, num_work_days, eid) values ('2021-01-26', 0, null, 18, 32);
-- insert into Pay_slips (payment_date, amount, num_work_hours, num_work_days, eid) values ('2021-01-26', 0, null, 17, 33);
-- insert into Pay_slips (payment_date, amount, num_work_hours, num_work_days, eid) values ('2021-09-29', 0, null, 17, 34);
-- insert into Pay_slips (payment_date, amount, num_work_hours, num_work_days, eid) values ('2021-01-30', 0, null, 10, 35);
-- insert into Pay_slips (payment_date, amount, num_work_hours, num_work_days, eid) values ('2021-01-30', 0, null, 15, 36);
-- insert into Pay_slips (payment_date, amount, num_work_hours, num_work_days, eid) values ('2021-09-24', 0, null, 12, 37);
-- insert into Pay_slips (payment_date, amount, num_work_hours, num_work_days, eid) values ('2021-01-29', 0, null, 18, 38);
-- insert into Pay_slips (payment_date, amount, num_work_hours, num_work_days, eid) values ('2021-01-23', 0, null, 14, 39);
-- insert into Pay_slips (payment_date, amount, num_work_hours, num_work_days, eid) values ('2021-01-30', 0, null, 17, 40);
-- insert into Pay_slips (payment_date, amount, num_work_hours, num_work_days, eid) values ('2021-12-28', 0, 155, null, 41);
-- insert into Pay_slips (payment_date, amount, num_work_hours, num_work_days, eid) values ('2021-01-23', 0, 130, null, 42);
-- insert into Pay_slips (payment_date, amount, num_work_hours, num_work_days, eid) values ('2021-01-26', 0, 167, null, 43);
-- insert into Pay_slips (payment_date, amount, num_work_hours, num_work_days, eid) values ('2021-12-22', 0, 239, null, 44);
-- insert into Pay_slips (payment_date, amount, num_work_hours, num_work_days, eid) values ('2021-01-25', 0, 182, null, 45);
-- insert into Pay_slips (payment_date, amount, num_work_hours, num_work_days, eid) values ('2021-01-21', 0, 202, null, 46);
-- insert into Pay_slips (payment_date, amount, num_work_hours, num_work_days, eid) values ('2021-01-23', 0, 276, null, 47);
-- insert into Pay_slips (payment_date, amount, num_work_hours, num_work_days, eid) values ('2021-12-26', 0, 239, null, 48);
-- insert into Pay_slips (payment_date, amount, num_work_hours, num_work_days, eid) values ('2021-01-29', 0, 153, null, 49);
-- insert into Pay_slips (payment_date, amount, num_work_hours, num_work_days, eid) values ('2021-12-23', 0, 165, null, 50);

/**
 * Specializes
 * eid can specialize in zero or more
 */
insert into Specializes (eid, name) values (21, 'Database system');
insert into Specializes (eid, name) values (22, 'Database system');
insert into Specializes (eid, name) values (23, 'Database system');
insert into Specializes (eid, name) values (24, 'Database system');
insert into Specializes (eid, name) values (25, 'Database system');
insert into Specializes (eid, name) values (26, 'Database system');
insert into Specializes (eid, name) values (27, 'Database system');
insert into Specializes (eid, name) values (28, 'Computational Biology');
insert into Specializes (eid, name) values (29, 'Computational Biology');
insert into Specializes (eid, name) values (30, 'Quantum Computing');
insert into Specializes (eid, name) values (31, 'Quantum Computing');
insert into Specializes (eid, name) values (32, 'Quantum Computing');
insert into Specializes (eid, name) values (33, 'Quantum Computing');
insert into Specializes (eid, name) values (34, 'IoT');
insert into Specializes (eid, name) values (35, 'IoT');
insert into Specializes (eid, name) values (36, 'IoT');
insert into Specializes (eid, name) values (37, 'IoT');
insert into Specializes (eid, name) values (38, 'Processors and Compilers');
insert into Specializes (eid, name) values (39, 'Processors and Compilers');
insert into Specializes (eid, name) values (40, 'Processors and Compilers');
insert into Specializes (eid, name) values (21, 'Artificial Intelligence');
insert into Specializes (eid, name) values (22, 'Artificial Intelligence');
insert into Specializes (eid, name) values (23, 'Artificial Intelligence');
insert into Specializes (eid, name) values (24, 'Artificial Intelligence');
insert into Specializes (eid, name) values (25, 'Artificial Intelligence');
insert into Specializes (eid, name) values (26, 'Artificial Intelligence');
insert into Specializes (eid, name) values (27, 'Programming Languages');
insert into Specializes (eid, name) values (28, 'Programming Languages');
insert into Specializes (eid, name) values (29, 'Programming Languages');
insert into Specializes (eid, name) values (30, 'Programming Languages');
insert into Specializes (eid, name) values (31, 'Programming Languages');
insert into Specializes (eid, name) values (32, 'Programming Languages');
insert into Specializes (eid, name) values (33, 'Programming Languages');
insert into Specializes (eid, name) values (34, 'Computer Security');
insert into Specializes (eid, name) values (35, 'Computer Security');
insert into Specializes (eid, name) values (36, 'Computer Security');
insert into Specializes (eid, name) values (37, 'Computer Security');
insert into Specializes (eid, name) values (38, 'Computer Security');
insert into Specializes (eid, name) values (39, 'Computer Security');
insert into Specializes (eid, name) values (40, 'Computer Networks');
insert into Specializes (eid, name) values (41, 'Computer Networks');
insert into Specializes (eid, name) values (42, 'Computer Networks');
insert into Specializes (eid, name) values (43, 'Computer Networks');
insert into Specializes (eid, name) values (44, 'Parallel Computing');
insert into Specializes (eid, name) values (45, 'Parallel Computing');
insert into Specializes (eid, name) values (46, 'Parallel Computing');
insert into Specializes (eid, name) values (47, 'Parallel Computing');
insert into Specializes (eid, name) values (48, 'Parallel Computing');
insert into Specializes (eid, name) values (49, 'Parallel Computing');
insert into Specializes (eid, name) values (50, 'Parallel Computing');
