/* Customers */
insert into Customers (cust_id, name, email, address, phone) values (1, 'Aggy', 'adoughill0@stumbleupon.com', '323 Hintze Junction', 98765432);
insert into Customers (cust_id, name, email, address, phone) values (2, 'Frederico', 'fmounce1@posterous.com', '4178 Declaration Hill', 98765433);
insert into Customers (cust_id, name, email, address, phone) values (3, 'Carmen', 'cstarkie2@last.fm', '0309 Erie Park', 98765434);
insert into Customers (cust_id, name, email, address, phone) values (4, 'Daryl', 'dcrolly3@amazonaws.com', '0206 Kinsman Hill', 98765435);
insert into Customers (cust_id, name, email, address, phone) values (5, 'Ara', 'apavel4@canalblog.com', '40203 Sachs Court', 99998880);
insert into Customers (cust_id, name, email, address, phone) values (6, 'Kermit', 'kilyenko5@blogtalkradio.com', '79594 Lunder Center', 99998881);
insert into Customers (cust_id, name, email, address, phone) values (7, 'Dayna', 'dclayden6@wikispaces.com', '37 Lighthouse Bay Plaza', 99998882);
insert into Customers (cust_id, name, email, address, phone) values (8, 'Nevin', 'ndenge7@creativecommons.org', '07 Forster Crossing', 99998883);
insert into Customers (cust_id, name, email, address, phone) values (9, 'Myrtle', 'mnorthill8@ca.gov', '58381 Mayfield Drive', 99998884);
insert into Customers (cust_id, name, email, address, phone) values (10, 'Baudoin', 'bbeves9@latimes.com', '87279 Luster Crossing', 98765436);
insert into Customers (cust_id, name, email, address, phone) values (11, 'Collette', 'cmaclaughlina@a8.net', '4 Sheridan Point', 98765437);
insert into Customers (cust_id, name, email, address, phone) values (12, 'Hort', 'hlamblinb@statcounter.com', '17521 Dawn Alley', 99998885);
insert into Customers (cust_id, name, email, address, phone) values (13, 'Julie', 'jnoorec@surveymonkey.com', '21 Crowley Street', 98765438);
insert into Customers (cust_id, name, email, address, phone) values (14, 'Debby', 'dzorrod@ucoz.com', '8 Loftsgordon Terrace', 99998887);
insert into Customers (cust_id, name, email, address, phone) values (15, 'Elroy', 'emcknielye@uiuc.edu', '77021 Ruskin Alley', 99998888);
insert into Customers (cust_id, name, email, address, phone) values (16, 'Gray', 'garnaldof@amazon.de', '4 Anhalt Terrace', 99998889);
insert into Customers (cust_id, name, email, address, phone) values (17, 'Sandor', 'sdorlingg@issuu.com', '55339 7th Alley', 98765439);
insert into Customers (cust_id, name, email, address, phone) values (18, 'Dionis', 'dfeltenh@reference.com', '2 Kipling Way', 99998800);
insert into Customers (cust_id, name, email, address, phone) values (19, 'Odessa', 'ofilyushkini@instagram.com', '7 Katie Point', 99998801);
insert into Customers (cust_id, name, email, address, phone) values (20, 'Annie', 'aneamesj@usda.gov', '684 Garrison Way', 98765430);

/* Credit_Cards */ 
insert into Credit_Cards (card_number, cvv, expiry_date, from_date, cust_id) values ('5048371508404496', 519, '2025-02-20 03:33:28', '2020-05-04 03:30:52',  1);
insert into Credit_Cards (card_number, cvv, expiry_date, from_date, cust_id) values ('5108759034811803', 582, '2024-03-24 16:21:36', '2021-01-02 03:31:05',  2);
insert into Credit_Cards (card_number, cvv, expiry_date, from_date, cust_id) values ('5048370038418307', 302, '2024-06-01 05:32:01', '2020-08-15 09:27:28',  3);
insert into Credit_Cards (card_number, cvv, expiry_date, from_date, cust_id) values ('5048379765618542', 149, '2024-05-03 23:54:41', '2020-11-06 02:44:49',  4);
insert into Credit_Cards (card_number, cvv, expiry_date, from_date, cust_id) values ('5108758777432884', 918, '2023-09-12 05:01:02', '2020-11-14 13:17:28',  5);
insert into Credit_Cards (card_number, cvv, expiry_date, from_date, cust_id) values ('5048372282236518', 574, '2025-03-18 07:07:57', '2021-01-04 12:43:31',  6);
insert into Credit_Cards (card_number, cvv, expiry_date, from_date, cust_id) values ('5108750325244838', 336, '2024-02-26 22:26:51', '2020-08-07 14:40:39',  7);
insert into Credit_Cards (card_number, cvv, expiry_date, from_date, cust_id) values ('5108754093451666', 729, '2023-12-09 20:21:17', '2021-01-09 15:40:30',  8);
insert into Credit_Cards (card_number, cvv, expiry_date, from_date, cust_id) values ('5048373029850934', 218, '2024-10-22 11:38:33', '2021-03-30 23:30:30',  9);
insert into Credit_Cards (card_number, cvv, expiry_date, from_date, cust_id) values ('5048371304277260', 965, '2024-12-27 08:22:20', '2020-08-10 07:25:09', 10);
insert into Credit_Cards (card_number, cvv, expiry_date, from_date, cust_id) values ('5048372439765229', 202, '2024-02-13 20:28:58', '2020-05-09 08:27:15', 11);
insert into Credit_Cards (card_number, cvv, expiry_date, from_date, cust_id) values ('5108758087287846', 688, '2024-08-30 23:20:57', '2021-02-26 07:15:14', 12);
insert into Credit_Cards (card_number, cvv, expiry_date, from_date, cust_id) values ('5108750084460245', 694, '2023-05-07 05:52:43', '2020-09-25 20:51:32', 13);
insert into Credit_Cards (card_number, cvv, expiry_date, from_date, cust_id) values ('5108754639694514', 949, '2023-09-09 07:14:14', '2020-08-05 19:57:00', 14);
insert into Credit_Cards (card_number, cvv, expiry_date, from_date, cust_id) values ('5108753204167823', 519, '2024-02-08 15:14:20', '2020-05-30 00:53:44', 15);
insert into Credit_Cards (card_number, cvv, expiry_date, from_date, cust_id) values ('5108750041666249', 191, '2024-07-22 21:05:18', '2020-06-25 08:34:55', 16);
insert into Credit_Cards (card_number, cvv, expiry_date, from_date, cust_id) values ('5048375592569536', 557, '2024-10-23 20:00:04', '2020-09-23 03:17:59', 17);
insert into Credit_Cards (card_number, cvv, expiry_date, from_date, cust_id) values ('5108750217678796', 252, '2025-02-26 22:20:50', '2020-11-14 01:52:02', 18);
insert into Credit_Cards (card_number, cvv, expiry_date, from_date, cust_id) values ('5108754183577883', 744, '2024-05-13 18:06:05', '2020-05-05 22:54:26', 19);
insert into Credit_Cards (card_number, cvv, expiry_date, from_date, cust_id) values ('5108757605291116', 746, '2024-12-02 21:52:00', '2020-12-24 23:49:30', 20);


/* Employees */ 
insert into Employees (eid, name, address, email, phone, depart_date, join_date) values (1, 'Perren Gamble', '1983 Brentwood Place', 'pgamble0@a8.net', 98267108, null, '2021-02-05 09:28:20');
insert into Employees (eid, name, address, email, phone, depart_date, join_date) values (2, 'Esther Rogister', '77365 East Park', 'erogister1@example.com', 98413421, null, '2021-03-15 13:53:42');
insert into Employees (eid, name, address, email, phone, depart_date, join_date) values (3, 'Scot Moniker', '9 Claremont Circle', 'smoniker2@altervista.org', 98484577, null, '2021-01-16 14:25:21');
insert into Employees (eid, name, address, email, phone, depart_date, join_date) values (4, 'Jo-anne Parysowna', '5 Dexter Court', 'jparysowna3@imdb.com', 98197577, null, '2021-01-14 19:59:13');
insert into Employees (eid, name, address, email, phone, depart_date, join_date) values (5, 'Rutledge Stait', '03 Bultman Pass', 'rstait4@yolasite.com', 98631032, null, '2021-01-27 20:44:21');
insert into Employees (eid, name, address, email, phone, depart_date, join_date) values (6, 'Woodie Fraczkiewicz', '62 Butterfield Road', 'wfraczkiewicz5@opensource.org', 98619419, null, '2021-02-26 02:02:30');
insert into Employees (eid, name, address, email, phone, depart_date, join_date) values (7, 'Trenna Dain', '3612 Little Fleur Center', 'tdain6@opensource.org', 98964433, null, '2021-04-10 02:25:23');
insert into Employees (eid, name, address, email, phone, depart_date, join_date) values (8, 'Palm Nodin', '80 Ryan Park', 'pnodin7@about.com', 98482613, null, '2021-02-16 15:15:54');
insert into Employees (eid, name, address, email, phone, depart_date, join_date) values (9, 'Laird McVane', '57 Autumn Leaf Street', 'lmcvane8@geocities.com', 98073228, null, '2021-02-07 22:03:07');
insert into Employees (eid, name, address, email, phone, depart_date, join_date) values (10, 'Israel Tynemouth', '28 Larry Trail', 'itynemouth9@symantec.com', 98795258, null, '2021-03-23 16:16:05');
insert into Employees (eid, name, address, email, phone, depart_date, join_date) values (11, 'Feodor Challiss', '76657 Brown Street', 'fchallissa@icio.us', 98564115, null, '2021-03-03 23:51:15');
insert into Employees (eid, name, address, email, phone, depart_date, join_date) values (12, 'Joela Berrey', '05432 Walton Circle', 'jberreyb@cyberchimps.com', 98427250, null, '2021-03-04 15:36:05');
insert into Employees (eid, name, address, email, phone, depart_date, join_date) values (13, 'Genni McFadyen', '600 Jay Parkway', 'gmcfadyenc@symantec.com', 98745131, null, '2021-01-30 15:17:59');
insert into Employees (eid, name, address, email, phone, depart_date, join_date) values (14, 'Shadow Hadlee', '4490 Vermont Place', 'shadleed@dagondesign.com', 98071431, null, '2021-01-28 22:10:35');
insert into Employees (eid, name, address, email, phone, depart_date, join_date) values (15, 'Shanna Ostick', '45 Elgar Plaza', 'sosticke@weebly.com', 98917654, null, '2021-02-08 07:55:26');
insert into Employees (eid, name, address, email, phone, depart_date, join_date) values (16, 'Bat Loache', '9 Gateway Terrace', 'bloachef@taobao.com', 98304894, null, '2021-03-28 20:53:54');
insert into Employees (eid, name, address, email, phone, depart_date, join_date) values (17, 'Leora Gentle', '7490 Hayes Pass', 'lgentleg@elegantthemes.com', 98125270, null, '2021-04-11 09:06:44');
insert into Employees (eid, name, address, email, phone, depart_date, join_date) values (18, 'Edie Greguoli', '86935 Prentice Park', 'egreguolih@cmu.edu', 98675239, null, '2021-02-25 16:52:46');
insert into Employees (eid, name, address, email, phone, depart_date, join_date) values (19, 'Rupert Costi', '6 Michigan Terrace', 'rcostii@tiny.cc', 98193703, null, '2021-03-15 00:38:42');
insert into Employees (eid, name, address, email, phone, depart_date, join_date) values (20, 'Itch Duthie', '842 5th Trail', 'iduthiej@mac.com', 98593740, null, '2020-05-24 11:43:11');
insert into Employees (eid, name, address, email, phone, depart_date, join_date) values (21, 'Natalina Pohlke', '43 Washington Court', 'npohlkek@comcast.net', 98480764, null, '2021-03-24 20:16:52');
insert into Employees (eid, name, address, email, phone, depart_date, join_date) values (22, 'Pammie Lewinton', '393 Randy Trail', 'plewintonl@ustream.tv', 98630563, null, '2020-11-19 14:11:23');
insert into Employees (eid, name, address, email, phone, depart_date, join_date) values (23, 'Giulia Kalinsky', '23 Graceland Street', 'gkalinskym@ifeng.com', 98684775, null, '2020-09-17 07:20:02');
insert into Employees (eid, name, address, email, phone, depart_date, join_date) values (24, 'Marjy Stare', '021 Prentice Place', 'mstaren@miibeian.gov.cn', 98124018, null, '2020-06-02 21:57:11');
insert into Employees (eid, name, address, email, phone, depart_date, join_date) values (25, 'Melisandra Linnett', '56 Eastlawn Parkway', 'mlinnetto@abc.net.au', 98402421, null, '2020-12-07 05:32:52');
insert into Employees (eid, name, address, email, phone, depart_date, join_date) values (26, 'Darryl Grunder', '7295 Longview Pass', 'dgrunderp@reuters.com', 98321664, null, '2020-12-20 14:33:17');
insert into Employees (eid, name, address, email, phone, depart_date, join_date) values (27, 'Vernice Creaney', '7 Eagle Crest Street', 'vcreaneyq@answers.com', 98769955, null, '2020-12-08 02:56:17');
insert into Employees (eid, name, address, email, phone, depart_date, join_date) values (28, 'Alessandra Killeen', '93077 Moulton Circle', 'akilleenr@huffingtonpost.com', 98164869, null, '2021-03-09 02:51:59');
insert into Employees (eid, name, address, email, phone, depart_date, join_date) values (29, 'Hermine Benion', '0426 Express Plaza', 'hbenions@gravatar.com', 98028597, null, '2020-08-06 04:40:15');
insert into Employees (eid, name, address, email, phone, depart_date, join_date) values (30, 'Mortie Finlator', '72 Duke Pass', 'mfinlatort@bravesites.com', 98289099, null, '2020-11-08 23:46:08');
insert into Employees (eid, name, address, email, phone, depart_date, join_date) values (31, 'Foster Treverton', '235 Graceland Circle', 'ftrevertonu@msn.com', 98672589, null, '2021-02-15 06:54:02');
insert into Employees (eid, name, address, email, phone, depart_date, join_date) values (32, 'Heriberto Minucci', '34669 Porter Hill', 'hminucciv@wikispaces.com', 98416219, null, '2021-02-21 09:29:24');
insert into Employees (eid, name, address, email, phone, depart_date, join_date) values (33, 'Thorvald Scatchar', '10 Erie Way', 'tscatcharw@bigcartel.com', 98884164, null, '2021-03-15 02:46:02');
insert into Employees (eid, name, address, email, phone, depart_date, join_date) values (34, 'Wilhelm Stubbs', '61326 Sycamore Place', 'wstubbsx@unblog.fr', 98997630, null, '2021-01-04 05:12:40');
insert into Employees (eid, name, address, email, phone, depart_date, join_date) values (35, 'Muriel Wann', '5 7th Point', 'mwanny@java.com', 98870430, null, '2021-01-20 20:30:29');
insert into Employees (eid, name, address, email, phone, depart_date, join_date) values (36, 'Jeannine Boote', '877 Cardinal Avenue', 'jbootez@youku.com', 98778470, null, '2021-03-30 09:36:39');
insert into Employees (eid, name, address, email, phone, depart_date, join_date) values (37, 'Tait McGaughey', '0839 Eagle Crest Court', 'tmcgaughey10@networksolutions.com', 98574157, null, '2020-12-27 17:36:29');
insert into Employees (eid, name, address, email, phone, depart_date, join_date) values (38, 'Carlen Burrill', '71 Surrey Circle', 'cburrill11@technorati.com', 98953638, null, '2021-02-02 03:51:29');
insert into Employees (eid, name, address, email, phone, depart_date, join_date) values (39, 'Delmar Hazel', '9762 Caliangt Street', 'dhazel12@bravesites.com', 98609724, null, '2021-05-07 16:37:04');
insert into Employees (eid, name, address, email, phone, depart_date, join_date) values (40, 'Marylee Newtown', '23621 Mayer Center', 'mnewtown13@ow.ly', 98228950, null, '2020-11-26 12:31:59');
insert into Employees (eid, name, address, email, phone, depart_date, join_date) values (41, 'Leighton Gyorgy', '0791 Melby Lane', 'lgyorgy14@theatlantic.com', 98692084, null, '2020-11-21 21:03:23');
insert into Employees (eid, name, address, email, phone, depart_date, join_date) values (42, 'Jaquenetta Bunt', '113 Bayside Terrace', 'jbunt15@youtube.com', 98914020, null, '2021-03-15 03:49:39');
insert into Employees (eid, name, address, email, phone, depart_date, join_date) values (43, 'Iggy Brayley', '5200 Anhalt Crossing', 'ibrayley16@dropbox.com', 98415176, null, '2021-02-20 23:53:47');
insert into Employees (eid, name, address, email, phone, depart_date, join_date) values (44, 'Dana Abella', '4 Hintze Park', 'dabella17@w3.org', 98419301, null, '2020-11-21 13:03:42');
insert into Employees (eid, name, address, email, phone, depart_date, join_date) values (45, 'Carline Claque', '29266 Lukken Lane', 'cclaque18@house.gov', 98605405, null, '2021-10-01 07:04:38');
insert into Employees (eid, name, address, email, phone, depart_date, join_date) values (46, 'Jimmie Spurr', '62498 Kensington Crossing', 'jspurr19@youtube.com', 98661532, null, '2021-01-19 05:14:05');
insert into Employees (eid, name, address, email, phone, depart_date, join_date) values (47, 'Filia Cowey', '992 Acker Lane', 'fcowey1a@utexas.edu', 98317739, null, '2020-08-02 20:00:00');
insert into Employees (eid, name, address, email, phone, depart_date, join_date) values (48, 'Celestine Ransom', '958 Troy Way', 'cransom1b@google.com.br', 98628642, null, '2020-09-22 08:06:13');
insert into Employees (eid, name, address, email, phone, depart_date, join_date) values (49, 'Erik O''dell', '76 Valley Edge Hill', 'eodell1c@cocolog-nifty.com', 98761365, null, '2020-08-25 12:36:18');
insert into Employees (eid, name, address, email, phone, depart_date, join_date) values (50, 'Alene Ruffles', '39 Knutson Junction', 'aruffles1d@altervista.org', 98471613, null, '2020-10-11 08:59:05');

/* Full_Time_Employees, eid: 1-40 */
insert into Full_Time_Employees (eid, monthly_salary) values ( 1, 4796);
insert into Full_Time_Employees (eid, monthly_salary) values ( 2, 4814);
insert into Full_Time_Employees (eid, monthly_salary) values ( 3, 4362);
insert into Full_Time_Employees (eid, monthly_salary) values ( 4, 4654);
insert into Full_Time_Employees (eid, monthly_salary) values ( 5, 3737);
insert into Full_Time_Employees (eid, monthly_salary) values ( 6, 4943);
insert into Full_Time_Employees (eid, monthly_salary) values ( 7, 4867);
insert into Full_Time_Employees (eid, monthly_salary) values ( 8, 3518);
insert into Full_Time_Employees (eid, monthly_salary) values ( 9, 4320);
insert into Full_Time_Employees (eid, monthly_salary) values (10, 3860);
insert into Full_Time_Employees (eid, monthly_salary) values (11, 4053);
insert into Full_Time_Employees (eid, monthly_salary) values (12, 4339);
insert into Full_Time_Employees (eid, monthly_salary) values (13, 3672);
insert into Full_Time_Employees (eid, monthly_salary) values (14, 4897);
insert into Full_Time_Employees (eid, monthly_salary) values (15, 4248);
insert into Full_Time_Employees (eid, monthly_salary) values (16, 4788);
insert into Full_Time_Employees (eid, monthly_salary) values (17, 3795);
insert into Full_Time_Employees (eid, monthly_salary) values (18, 3988);
insert into Full_Time_Employees (eid, monthly_salary) values (19, 4933);
insert into Full_Time_Employees (eid, monthly_salary) values (20, 4269);
insert into Full_Time_Employees (eid, monthly_salary) values (21, 4928);
insert into Full_Time_Employees (eid, monthly_salary) values (22, 4290);
insert into Full_Time_Employees (eid, monthly_salary) values (23, 4619);
insert into Full_Time_Employees (eid, monthly_salary) values (24, 3826);
insert into Full_Time_Employees (eid, monthly_salary) values (25, 4183);
insert into Full_Time_Employees (eid, monthly_salary) values (26, 4055);
insert into Full_Time_Employees (eid, monthly_salary) values (27, 3940);
insert into Full_Time_Employees (eid, monthly_salary) values (28, 4293);
insert into Full_Time_Employees (eid, monthly_salary) values (29, 3865);
insert into Full_Time_Employees (eid, monthly_salary) values (30, 4195);
insert into Full_Time_Employees (eid, monthly_salary) values (31, 3694);
insert into Full_Time_Employees (eid, monthly_salary) values (32, 4183);
insert into Full_Time_Employees (eid, monthly_salary) values (33, 4145);
insert into Full_Time_Employees (eid, monthly_salary) values (34, 4064);
insert into Full_Time_Employees (eid, monthly_salary) values (35, 4030);
insert into Full_Time_Employees (eid, monthly_salary) values (36, 4325);
insert into Full_Time_Employees (eid, monthly_salary) values (37, 4064);
insert into Full_Time_Employees (eid, monthly_salary) values (38, 4264);
insert into Full_Time_Employees (eid, monthly_salary) values (39, 3695);
insert into Full_Time_Employees (eid, monthly_salary) values (40, 3877);

/* Part_Time_Employees, eid: 41-50 */
insert into Part_Time_Employees (eid, hourly_rate) values (41, 12);
insert into Part_Time_Employees (eid, hourly_rate) values (42, 12);
insert into Part_Time_Employees (eid, hourly_rate) values (43, 13);
insert into Part_Time_Employees (eid, hourly_rate) values (44, 15);
insert into Part_Time_Employees (eid, hourly_rate) values (45, 16);
insert into Part_Time_Employees (eid, hourly_rate) values (46, 12);
insert into Part_Time_Employees (eid, hourly_rate) values (47, 12);
insert into Part_Time_Employees (eid, hourly_rate) values (48, 13);
insert into Part_Time_Employees (eid, hourly_rate) values (49, 15);
insert into Part_Time_Employees (eid, hourly_rate) values (50, 16);

/* Administrators, eid: 1-10 */
insert into Administrators (eid) values (1);
insert into Administrators (eid) values (2);
insert into Administrators (eid) values (3);
insert into Administrators (eid) values (4);
insert into Administrators (eid) values (5);
insert into Administrators (eid) values (6);
insert into Administrators (eid) values (7);
insert into Administrators (eid) values (8);
insert into Administrators (eid) values (9);
insert into Administrators (eid) values (10);

/* Managers, eid: 11-20 */
insert into Managers (eid) values (11);
insert into Managers (eid) values (12);
insert into Managers (eid) values (13);
insert into Managers (eid) values (14);
insert into Managers (eid) values (15);
insert into Managers (eid) values (16);
insert into Managers (eid) values (17);
insert into Managers (eid) values (18);
insert into Managers (eid) values (19);
insert into Managers (eid) values (20);

/* Instructors, eid: 21-50 */
insert into Instructors (eid) values (21);
insert into Instructors (eid) values (22);
insert into Instructors (eid) values (23);
insert into Instructors (eid) values (24);
insert into Instructors (eid) values (25);
insert into Instructors (eid) values (26);
insert into Instructors (eid) values (27);
insert into Instructors (eid) values (28);
insert into Instructors (eid) values (29);
insert into Instructors (eid) values (30);
insert into Instructors (eid) values (31);
insert into Instructors (eid) values (32);
insert into Instructors (eid) values (33);
insert into Instructors (eid) values (34);
insert into Instructors (eid) values (35);
insert into Instructors (eid) values (36);
insert into Instructors (eid) values (37);
insert into Instructors (eid) values (38);
insert into Instructors (eid) values (39);
insert into Instructors (eid) values (40);
insert into Instructors (eid) values (41);
insert into Instructors (eid) values (42);
insert into Instructors (eid) values (43);
insert into Instructors (eid) values (44);
insert into Instructors (eid) values (45);
insert into Instructors (eid) values (46);
insert into Instructors (eid) values (47);
insert into Instructors (eid) values (48);
insert into Instructors (eid) values (49);
insert into Instructors (eid) values (50);

/* Full_Time_Instructors, eid: 21-40 */
insert into Full_Time_Instructors (eid) values (21);
insert into Full_Time_Instructors (eid) values (22);
insert into Full_Time_Instructors (eid) values (23);
insert into Full_Time_Instructors (eid) values (24);
insert into Full_Time_Instructors (eid) values (25);
insert into Full_Time_Instructors (eid) values (26);
insert into Full_Time_Instructors (eid) values (27);
insert into Full_Time_Instructors (eid) values (28);
insert into Full_Time_Instructors (eid) values (29);
insert into Full_Time_Instructors (eid) values (30);
insert into Full_Time_Instructors (eid) values (31);
insert into Full_Time_Instructors (eid) values (32);
insert into Full_Time_Instructors (eid) values (33);
insert into Full_Time_Instructors (eid) values (34);
insert into Full_Time_Instructors (eid) values (35);
insert into Full_Time_Instructors (eid) values (36);
insert into Full_Time_Instructors (eid) values (37);
insert into Full_Time_Instructors (eid) values (38);
insert into Full_Time_Instructors (eid) values (39);
insert into Full_Time_Instructors (eid) values (40);

/* Part_Time_Instructors, eid: 41-50 */
insert into Part_Time_Instructors (eid) values (41);
insert into Part_Time_Instructors (eid) values (42);
insert into Part_Time_Instructors (eid) values (43);
insert into Part_Time_Instructors (eid) values (44);
insert into Part_Time_Instructors (eid) values (45);
insert into Part_Time_Instructors (eid) values (46);
insert into Part_Time_Instructors (eid) values (47);
insert into Part_Time_Instructors (eid) values (48);
insert into Part_Time_Instructors (eid) values (49);
insert into Part_Time_Instructors (eid) values (50);

/* Rooms */
insert into Rooms (rid, location, seating_capacity) values (1, '3879 Vahlen Drive', 181);
insert into Rooms (rid, location, seating_capacity) values (2, '2483 Kings Park', 76);
insert into Rooms (rid, location, seating_capacity) values (3, '15 Grasskamp Trail', 116);
insert into Rooms (rid, location, seating_capacity) values (4, '66 Laurel Court', 191);
insert into Rooms (rid, location, seating_capacity) values (5, '0 Badeau Lane', 185);
insert into Rooms (rid, location, seating_capacity) values (6, '458 Marcy Point', 151);
insert into Rooms (rid, location, seating_capacity) values (7, '55 Banding Place', 37);
insert into Rooms (rid, location, seating_capacity) values (8, '8 Clarendon Hill', 63);
insert into Rooms (rid, location, seating_capacity) values (9, '1 Charing Cross Court', 143);
insert into Rooms (rid, location, seating_capacity) values (10, '25 Tennessee Circle', 42);
insert into Rooms (rid, location, seating_capacity) values (11, '22628 Melby Way', 130);
insert into Rooms (rid, location, seating_capacity) values (12, '76908 Chive Junction', 115);
insert into Rooms (rid, location, seating_capacity) values (13, '06 Mandrake Road', 42);
insert into Rooms (rid, location, seating_capacity) values (14, '0499 Anniversary Hill', 175);
insert into Rooms (rid, location, seating_capacity) values (15, '538 Hayes Pass', 135);
insert into Rooms (rid, location, seating_capacity) values (16, '74966 Forster Court', 128);
insert into Rooms (rid, location, seating_capacity) values (17, '089 Hallows Alley', 49);
insert into Rooms (rid, location, seating_capacity) values (18, '12 Sunnyside Crossing', 122);
insert into Rooms (rid, location, seating_capacity) values (19, '196 Artisan Terrace', 119);
insert into Rooms (rid, location, seating_capacity) values (20, '267 Canary Alley', 73);

/* Course_Packages */ 
insert into Course_Packages (package_id, sale_start_date, sale_end_date, name, num_free_registration, price) values ( 1, '2021-03-08 14:53:48', '2021-04-24 06:14:35', 'Introduction to Humanitarian', 48, 907.86);
insert into Course_Packages (package_id, sale_start_date, sale_end_date, name, num_free_registration, price) values ( 2, '2021-03-06 01:48:29', '2021-07-15 01:59:57', 'Introduction to nMarket', 15, 451.54);
insert into Course_Packages (package_id, sale_start_date, sale_end_date, name, num_free_registration, price) values ( 3, '2021-03-12 14:02:59', '2022-03-18 10:39:53', 'Introduction to Zooarchaeology', 58, 624.19);
insert into Course_Packages (package_id, sale_start_date, sale_end_date, name, num_free_registration, price) values ( 4, '2021-03-24 20:52:27', '2021-11-04 17:08:42', 'Introduction to HSQE', 22, 861.92);
insert into Course_Packages (package_id, sale_start_date, sale_end_date, name, num_free_registration, price) values ( 5, '2021-03-09 09:27:03', '2022-01-10 13:33:53', 'Introduction to Snoring', 32, 606.94);
insert into Course_Packages (package_id, sale_start_date, sale_end_date, name, num_free_registration, price) values ( 6, '2021-04-05 03:04:00', '2021-09-13 12:56:31', 'Introduction to Distributed Database', 6, 482.03);
insert into Course_Packages (package_id, sale_start_date, sale_end_date, name, num_free_registration, price) values ( 7, '2021-03-20 06:36:48', '2022-01-20 00:34:33', 'Introduction to MMORPG', 69, 929.7);
insert into Course_Packages (package_id, sale_start_date, sale_end_date, name, num_free_registration, price) values ( 8, '2021-04-02 18:53:54', '2021-09-13 07:01:47', 'Introduction to CATIA', 48, 426.35);
insert into Course_Packages (package_id, sale_start_date, sale_end_date, name, num_free_registration, price) values ( 9, '2021-03-20 13:57:38', '2021-09-22 11:44:04', 'Introduction to TCF', 62, 242.66);
insert into Course_Packages (package_id, sale_start_date, sale_end_date, name, num_free_registration, price) values (10, '2021-03-09 15:32:41', '2021-08-09 18:06:51', 'Introduction to Lymphedema', 82, 691.13);
insert into Course_Packages (package_id, sale_start_date, sale_end_date, name, num_free_registration, price) values (11, '2021-04-04 12:51:11', '2021-09-28 16:13:34', 'Introduction to Two-way Radio', 53, 42.17);
insert into Course_Packages (package_id, sale_start_date, sale_end_date, name, num_free_registration, price) values (12, '2021-04-01 11:21:48', '2021-11-07 07:50:06', 'Introduction to YSlow', 54, 751.0);
insert into Course_Packages (package_id, sale_start_date, sale_end_date, name, num_free_registration, price) values (13, '2021-03-27 03:50:39', '2021-10-02 02:56:12', 'Introduction to CQE', 31, 937.71);
insert into Course_Packages (package_id, sale_start_date, sale_end_date, name, num_free_registration, price) values (14, '2021-03-19 13:07:20', '2021-10-19 21:47:00', 'Introduction to DxDesigner', 43, 594.56);
insert into Course_Packages (package_id, sale_start_date, sale_end_date, name, num_free_registration, price) values (15, '2021-03-19 06:28:17', '2022-04-02 11:11:44', 'Introduction to Foreign Policy', 80, 359.16);
insert into Course_Packages (package_id, sale_start_date, sale_end_date, name, num_free_registration, price) values (16, '2021-03-27 21:10:19', '2021-04-22 13:48:02', 'Introduction to Object Oriented Design', 58, 155.3);
insert into Course_Packages (package_id, sale_start_date, sale_end_date, name, num_free_registration, price) values (17, '2021-04-03 02:37:25', '2022-03-20 06:02:13', 'Introduction to Jetty', 15, 958.67);
insert into Course_Packages (package_id, sale_start_date, sale_end_date, name, num_free_registration, price) values (18, '2021-03-20 21:42:25', '2021-12-13 02:47:31', 'Introduction to CQB', 16, 49.5);
insert into Course_Packages (package_id, sale_start_date, sale_end_date, name, num_free_registration, price) values (19, '2021-03-27 19:08:21', '2021-11-01 02:18:16', 'Introduction to Motion Graphics', 49, 647.05);
insert into Course_Packages (package_id, sale_start_date, sale_end_date, name, num_free_registration, price) values (20, '2021-04-05 17:39:36', '2021-09-17 04:47:58', 'Introduction to PFMEA', 24, 920.03);

/* Buys */ 
insert into Buys (purchase_date, package_id, card_number, num_remaining_redemptions) values ('2021-03-01 02:17:26', 11,'5048371508404496', 4);
insert into Buys (purchase_date, package_id, card_number, num_remaining_redemptions) values ('2021-04-05 12:17:28', 13,'5108759034811803', 5);
insert into Buys (purchase_date, package_id, card_number, num_remaining_redemptions) values ('2022-02-20 20:34:16', 6, '5048370038418307', 5);
insert into Buys (purchase_date, package_id, card_number, num_remaining_redemptions) values ('2021-05-19 23:27:31', 12,'5108759034811803', 8);
insert into Buys (purchase_date, package_id, card_number, num_remaining_redemptions) values ('2022-03-02 20:20:12', 12,'5108758777432884', 9);
insert into Buys (purchase_date, package_id, card_number, num_remaining_redemptions) values ('2021-06-01 21:42:25', 19,'5048372282236518', 1);
insert into Buys (purchase_date, package_id, card_number, num_remaining_redemptions) values ('2021-06-16 00:30:12', 7, '5048371304277260', 10);
insert into Buys (purchase_date, package_id, card_number, num_remaining_redemptions) values ('2021-11-19 10:07:55', 6, '5108754093451666', 7);
insert into Buys (purchase_date, package_id, card_number, num_remaining_redemptions) values ('2022-04-02 23:43:14', 17,'5048373029850934', 3);
insert into Buys (purchase_date, package_id, card_number, num_remaining_redemptions) values ('2021-04-25 14:17:01', 10,'5048371304277260', 9);
insert into Buys (purchase_date, package_id, card_number, num_remaining_redemptions) values ('2021-12-07 06:59:22', 13,'5048372439765229', 8);
insert into Buys (purchase_date, package_id, card_number, num_remaining_redemptions) values ('2021-08-04 00:38:08', 17,'5108758087287846', 9);
insert into Buys (purchase_date, package_id, card_number, num_remaining_redemptions) values ('2021-03-18 20:06:53', 10,'5048371508404496', 9);
insert into Buys (purchase_date, package_id, card_number, num_remaining_redemptions) values ('2022-02-05 03:08:38', 19,'5108754639694514', 8);
insert into Buys (purchase_date, package_id, card_number, num_remaining_redemptions) values ('2021-06-13 08:54:16', 4, '5108753204167823', 8);
insert into Buys (purchase_date, package_id, card_number, num_remaining_redemptions) values ('2021-05-14 17:23:14', 7, '5108759034811803', 1);
insert into Buys (purchase_date, package_id, card_number, num_remaining_redemptions) values ('2021-11-07 10:13:33', 15,'5048375592569536', 5);
insert into Buys (purchase_date, package_id, card_number, num_remaining_redemptions) values ('2022-02-08 18:35:41', 14,'5108750217678796', 10);
insert into Buys (purchase_date, package_id, card_number, num_remaining_redemptions) values ('2021-12-21 16:48:02', 15,'5048371508404496', 10);
insert into Buys (purchase_date, package_id, card_number, num_remaining_redemptions) values ('2021-10-02 06:53:23', 7, '5048371304277260', 8);

/* Course_Areas */
insert into Course_Areas (name, eid) values ('Database system', 11);
insert into Course_Areas (name, eid) values ('Computational Biology', 12);
insert into Course_Areas (name, eid) values ('Quantum Computing', 13);
insert into Course_Areas (name, eid) values ('IoT', 14);
insert into Course_Areas (name, eid) values ('Processors and Compilers', 15);
insert into Course_Areas (name, eid) values ('Artificial Intelligence', 16);
insert into Course_Areas (name, eid) values ('Programming Languages', 17);
insert into Course_Areas (name, eid) values ('Computer Security', 18);
insert into Course_Areas (name, eid) values ('Computer Networks', 19);
insert into Course_Areas (name, eid) values ('Parallel Computing', 20);

/* Courses */
insert into Courses (course_id, title, name, duration, description) values (1, 'Introduction to PFGE', 'Database system', 3, 'Aenean auctor gravida sem. Praesent id massa id nisl venenatis lacinia. Aenean sit amet justo. Morbi ut odio. Cras mi pede, malesuada in, imperdiet et, commodo vulputate, justo. In blandit ultrices enim.');
insert into Courses (course_id, title, name, duration, description) values (2, 'Introduction to Tax Advisory', 'Database system', 4, 'Donec dapibus. Duis at velit eu est congue elementum. In hac habitasse platea dictumst.');
insert into Courses (course_id, title, name, duration, description) values (3, 'Introduction to IDL', 'Database system', 7, 'Donec dapibus. Duis at velit eu est congue elementum. In hac habitasse platea dictumst. Morbi vestibulum, velit id pretium iaculis, diam erat fermentum justo, nec condimentum neque sapien placerat ante. Nulla justo. Aliquam quis turpis eget elit sodales scelerisque. Mauris sit amet eros. Suspendisse accumsan tortor quis turpis. Sed ante. Vivamus tortor.');
insert into Courses (course_id, title, name, duration, description) values (4, 'Introduction to PML', 'Database system', 3, 'Maecenas leo odio, condimentum id, luctus nec, molestie sed, justo. Pellentesque viverra pede ac diam. Cras pellentesque volutpat dui. Maecenas tristique, est et tempus semper, est quam pharetra magna, ac consequat metus sapien ut nunc. Vestibulum ante ipsum primis in faucibus orci luctus et ultrices posuere cubilia Curae; Mauris viverra diam vitae quam. Suspendisse potenti. Nullam porttitor lacus at turpis. Donec posuere metus vitae ipsum. Aliquam non mauris. Morbi non lectus.');
insert into Courses (course_id, title, name, duration, description) values (5, 'Introduction to VT', 'Database system', 1, 'Ut at dolor quis odio consequat varius. Integer ac leo. Pellentesque ultrices mattis odio. Donec vitae nisi.');
insert into Courses (course_id, title, name, duration, description) values (6, 'Introduction to TBB', 'Computational Biology', 1, 'Cras pellentesque volutpat dui. Maecenas tristique, est et tempus semper, est quam pharetra magna, ac consequat metus sapien ut nunc. Vestibulum ante ipsum primis in faucibus orci luctus et ultrices posuere cubilia Curae; Mauris viverra diam vitae quam.');
insert into Courses (course_id, title, name, duration, description) values (7, 'Introduction to Sheet Metal', 'Computational Biology', 5, 'Morbi porttitor lorem id ligula. Suspendisse ornare consequat lectus. In est risus, auctor sed, tristique in, tempus sit amet, sem. Fusce consequat. Nulla nisl. Nunc nisl. Duis bibendum, felis sed interdum venenatis, turpis enim blandit mi, in porttitor pede justo eu massa. Donec dapibus. Duis at velit eu est congue elementum. In hac habitasse platea dictumst.');
insert into Courses (course_id, title, name, duration, description) values (8, 'Introduction to Full SDLC', 'Computational Biology', 6, 'Nunc rhoncus dui vel sem. Sed sagittis. Nam congue, risus semper porta volutpat, quam pede lobortis ligula, sit amet eleifend pede libero quis orci.');
insert into Courses (course_id, title, name, duration, description) values (9, 'Introduction to FrameMaker', 'Computational Biology', 2, 'Suspendisse potenti. Nullam porttitor lacus at turpis.');
insert into Courses (course_id, title, name, duration, description) values (10, 'Introduction to Small Business Lending', 'Quantum Computing', 3, 'Nulla justo. Aliquam quis turpis eget elit sodales scelerisque. Mauris sit amet eros. Suspendisse accumsan tortor quis turpis. Sed ante. Vivamus tortor.');
insert into Courses (course_id, title, name, duration, description) values (11, 'Introduction to Theatre', 'Quantum Computing', 3, 'Suspendisse potenti. In eleifend quam a odio. In hac habitasse platea dictumst. Maecenas ut massa quis augue luctus tincidunt. Nulla mollis molestie lorem. Quisque ut erat. Curabitur gravida nisi at nibh.');
insert into Courses (course_id, title, name, duration, description) values (12, 'Introduction to NCSim', 'Quantum Computing', 3, 'Sed accumsan felis. Ut at dolor quis odio consequat varius. Integer ac leo.');
insert into Courses (course_id, title, name, duration, description) values (13, 'Introduction to Graduate Recruitment', 'Quantum Computing', 5, 'Proin leo odio, porttitor id, consequat in, consequat ut, nulla. Sed accumsan felis. Ut at dolor quis odio consequat varius. Integer ac leo. Pellentesque ultrices mattis odio. Donec vitae nisi. Nam ultrices, libero non mattis pulvinar, nulla pede ullamcorper augue, a suscipit nulla elit ac nulla. Sed vel enim sit amet nunc viverra dapibus. Nulla suscipit ligula in lacus.');
insert into Courses (course_id, title, name, duration, description) values (14, 'Introduction to iPhone Application Development', 'IoT', 7, 'In hac habitasse platea dictumst. Aliquam augue quam, sollicitudin vitae, consectetuer eget, rutrum at, lorem. Integer tincidunt ante vel ipsum. Praesent blandit lacinia erat. Vestibulum sed magna at nunc commodo placerat. Praesent blandit.');
insert into Courses (course_id, title, name, duration, description) values (15, 'Introduction to VMI Programs', 'IoT', 2, 'Proin interdum mauris non ligula pellentesque ultrices. Phasellus id sapien in sapien iaculis congue. Vivamus metus arcu, adipiscing molestie, hendrerit at, vulputate vitae, nisl. Aenean lectus. Pellentesque eget nunc. Donec quis orci eget orci vehicula condimentum. Curabitur in libero ut massa volutpat convallis.');
insert into Courses (course_id, title, name, duration, description) values (16, 'Introduction to Medical Illustration', 'IoT', 2, 'Vestibulum ante ipsum primis in faucibus orci luctus et ultrices posuere cubilia Curae; Mauris viverra diam vitae quam. Suspendisse potenti. Nullam porttitor lacus at turpis.');
insert into Courses (course_id, title, name, duration, description) values (17, 'Introduction to PPMS', 'IoT', 6, 'Proin risus. Praesent lectus. Vestibulum quam sapien, varius ut, blandit non, interdum in, ante. Vestibulum ante ipsum primis in faucibus orci luctus et ultrices posuere cubilia Curae; Duis faucibus accumsan odio. Curabitur convallis. Duis consequat dui nec nisi volutpat eleifend.');
insert into Courses (course_id, title, name, duration, description) values (18, 'Introduction to Rational DOORS', 'IoT', 3, 'Nulla facilisi. Cras non velit nec nisi vulputate nonummy. Maecenas tincidunt lacus at velit. Vivamus vel nulla eget eros elementum pellentesque. Quisque porta volutpat erat. Quisque erat eros, viverra eget, congue eget, semper rutrum, nulla. Nunc purus.');
insert into Courses (course_id, title, name, duration, description) values (19, 'Introduction to Lean Manufacturing', 'IoT', 4, 'Mauris ullamcorper purus sit amet nulla.');
insert into Courses (course_id, title, name, duration, description) values (20, 'Introduction to Financial Planning', 'Processors and Compilers', 3, 'Vestibulum ac est lacinia nisi venenatis tristique. Fusce congue, diam id ornare imperdiet, sapien urna pretium nisl, ut volutpat sapien arcu sed augue. Aliquam erat volutpat. In congue. Etiam justo. Etiam pretium iaculis justo. In hac habitasse platea dictumst.');
insert into Courses (course_id, title, name, duration, description) values (21, 'Introduction to LDPE', 'Processors and Compilers', 6, 'Vivamus in felis eu sapien cursus vestibulum. Proin eu mi. Nulla ac enim. In tempor, turpis nec euismod scelerisque, quam turpis adipiscing lorem, vitae mattis nibh ligula nec sem. Duis aliquam convallis nunc.');
insert into Courses (course_id, title, name, duration, description) values (22, 'Introduction to AutoCAD Civil 3D', 'Processors and Compilers', 7, 'Cras pellentesque volutpat dui. Maecenas tristique, est et tempus semper, est quam pharetra magna, ac consequat metus sapien ut nunc. Vestibulum ante ipsum primis in faucibus orci luctus et ultrices posuere cubilia Curae; Mauris viverra diam vitae quam. Suspendisse potenti. Nullam porttitor lacus at turpis. Donec posuere metus vitae ipsum. Aliquam non mauris. Morbi non lectus.');
insert into Courses (course_id, title, name, duration, description) values (23, 'Introduction to Juvenile Delinquency', 'Artificial Intelligence', 4, 'Vivamus vel nulla eget eros elementum pellentesque. Quisque porta volutpat erat. Quisque erat eros, viverra eget, congue eget, semper rutrum, nulla. Nunc purus. Phasellus in felis.');
insert into Courses (course_id, title, name, duration, description) values (24, 'Introduction to Epi Info', 'Artificial Intelligence', 2, 'Integer ac neque. Duis bibendum. Morbi non quam nec dui luctus rutrum. Nulla tellus. In sagittis dui vel nisl. Duis ac nibh. Fusce lacus purus, aliquet at, feugiat non, pretium quis, lectus. Suspendisse potenti. In eleifend quam a odio.');
insert into Courses (course_id, title, name, duration, description) values (25, 'Introduction to FDDI', 'Artificial Intelligence', 3, 'Suspendisse potenti. In eleifend quam a odio. In hac habitasse platea dictumst. Maecenas ut massa quis augue luctus tincidunt. Nulla mollis molestie lorem. Quisque ut erat. Curabitur gravida nisi at nibh. In hac habitasse platea dictumst.');
insert into Courses (course_id, title, name, duration, description) values (26, 'Introduction to Uzbek', 'Artificial Intelligence', 3, 'Donec semper sapien a libero. Nam dui. Proin leo odio, porttitor id, consequat in, consequat ut, nulla. Sed accumsan felis.');
insert into Courses (course_id, title, name, duration, description) values (27, 'Introduction to Utility Regulation', 'Artificial Intelligence', 2, 'Proin leo odio, porttitor id, consequat in, consequat ut, nulla. Sed accumsan felis. Ut at dolor quis odio consequat varius.');
insert into Courses (course_id, title, name, duration, description) values (28, 'Introduction to z/OS', 'Programming Languages', 3, 'Morbi porttitor lorem id ligula. Suspendisse ornare consequat lectus. In est risus, auctor sed, tristique in, tempus sit amet, sem. Fusce consequat. Nulla nisl. Nunc nisl. Duis bibendum, felis sed interdum venenatis, turpis enim blandit mi, in porttitor pede justo eu massa. Donec dapibus. Duis at velit eu est congue elementum.');
insert into Courses (course_id, title, name, duration, description) values (29, 'Introduction to GNMA', 'Programming Languages', 1, 'Vestibulum ac est lacinia nisi venenatis tristique.');
insert into Courses (course_id, title, name, duration, description) values (30, 'Introduction to Journal Entries', 'Computer Security', 1, 'Mauris lacinia sapien quis libero. Nullam sit amet turpis elementum ligula vehicula consequat. Morbi a ipsum. Integer a nibh. In quis justo.');
insert into Courses (course_id, title, name, duration, description) values (31, 'Introduction to MRAM', 'Computer Security', 7, 'Nam nulla. Integer pede justo, lacinia eget, tincidunt eget, tempus vel, pede. Morbi porttitor lorem id ligula. Suspendisse ornare consequat lectus. In est risus, auctor sed, tristique in, tempus sit amet, sem. Fusce consequat. Nulla nisl. Nunc nisl.');
insert into Courses (course_id, title, name, duration, description) values (32, 'Introduction to Usability Testing', 'Computer Security', 1, 'Nulla tempus. Vivamus in felis eu sapien cursus vestibulum. Proin eu mi. Nulla ac enim. In tempor, turpis nec euismod scelerisque, quam turpis adipiscing lorem, vitae mattis nibh ligula nec sem. Duis aliquam convallis nunc. Proin at turpis a pede posuere nonummy. Integer non velit. Donec diam neque, vestibulum eget, vulputate ut, ultrices vel, augue.');
insert into Courses (course_id, title, name, duration, description) values (33, 'Introduction to DFX', 'Computer Networks', 4, 'Nullam sit amet turpis elementum ligula vehicula consequat.');
insert into Courses (course_id, title, name, duration, description) values (34, 'Introduction to CDO', 'Computer Networks', 2, 'Morbi vel lectus in quam fringilla rhoncus. Mauris enim leo, rhoncus sed, vestibulum sit amet, cursus id, turpis. Integer aliquet, massa id lobortis convallis, tortor risus dapibus augue, vel accumsan tellus nisi eu orci. Mauris lacinia sapien quis libero. Nullam sit amet turpis elementum ligula vehicula consequat. Morbi a ipsum. Integer a nibh. In quis justo. Maecenas rhoncus aliquam lacus. Morbi quis tortor id nulla ultrices aliquet.');
insert into Courses (course_id, title, name, duration, description) values (35, 'Introduction to Call center start-up', 'Computer Networks', 7, 'Sed accumsan felis. Ut at dolor quis odio consequat varius. Integer ac leo. Pellentesque ultrices mattis odio. Donec vitae nisi. Nam ultrices, libero non mattis pulvinar, nulla pede ullamcorper augue, a suscipit nulla elit ac nulla. Sed vel enim sit amet nunc viverra dapibus.');
insert into Courses (course_id, title, name, duration, description) values (36, 'Introduction to Arbitration', 'Computer Networks', 1, 'Integer aliquet, massa id lobortis convallis, tortor risus dapibus augue, vel accumsan tellus nisi eu orci. Mauris lacinia sapien quis libero. Nullam sit amet turpis elementum ligula vehicula consequat. Morbi a ipsum. Integer a nibh. In quis justo. Maecenas rhoncus aliquam lacus. Morbi quis tortor id nulla ultrices aliquet.');
insert into Courses (course_id, title, name, duration, description) values (37, 'Introduction to Exercise Physiology', 'Computer Networks', 3, 'Nulla suscipit ligula in lacus. Curabitur at ipsum ac tellus semper interdum. Mauris ullamcorper purus sit amet nulla. Quisque arcu libero, rutrum ac, lobortis vel, dapibus at, diam.');
insert into Courses (course_id, title, name, duration, description) values (38, 'Introduction to American Welding Society (AWS)', 'Computer Networks', 4, 'Nullam sit amet turpis elementum ligula vehicula consequat. Morbi a ipsum. Integer a nibh. In quis justo. Maecenas rhoncus aliquam lacus. Morbi quis tortor id nulla ultrices aliquet. Maecenas leo odio, condimentum id, luctus nec, molestie sed, justo. Pellentesque viverra pede ac diam. Cras pellentesque volutpat dui. Maecenas tristique, est et tempus semper, est quam pharetra magna, ac consequat metus sapien ut nunc.');
insert into Courses (course_id, title, name, duration, description) values (39, 'Introduction to ZoomInfo', 'Parallel Computing', 3, 'In hac habitasse platea dictumst. Etiam faucibus cursus urna. Ut tellus. Nulla ut erat id mauris vulputate elementum. Nullam varius. Nulla facilisi. Cras non velit nec nisi vulputate nonummy.');
insert into Courses (course_id, title, name, duration, description) values (40, 'Introduction to eHealth', 'Parallel Computing', 6, 'Morbi non quam nec dui luctus rutrum. Nulla tellus. In sagittis dui vel nisl. Duis ac nibh. Fusce lacus purus, aliquet at, feugiat non, pretium quis, lectus. Suspendisse potenti. In eleifend quam a odio. In hac habitasse platea dictumst. Maecenas ut massa quis augue luctus tincidunt. Nulla mollis molestie lorem.');
insert into Courses (course_id, title, name, duration, description) values (41, 'Introduction to MCH', 'Parallel Computing', 7, 'Phasellus id sapien in sapien iaculis congue. Vivamus metus arcu, adipiscing molestie, hendrerit at, vulputate vitae, nisl. Aenean lectus.');
insert into Courses (course_id, title, name, duration, description) values (42, 'Introduction to ADP ezLaborManager', 'Parallel Computing', 4, 'Morbi vestibulum, velit id pretium iaculis, diam erat fermentum justo, nec condimentum neque sapien placerat ante. Nulla justo. Aliquam quis turpis eget elit sodales scelerisque. Mauris sit amet eros. Suspendisse accumsan tortor quis turpis. Sed ante. Vivamus tortor. Duis mattis egestas metus.');
insert into Courses (course_id, title, name, duration, description) values (43, 'Introduction to Helicopters', 'Parallel Computing', 4, 'Vivamus metus arcu, adipiscing molestie, hendrerit at, vulputate vitae, nisl. Aenean lectus. Pellentesque eget nunc. Donec quis orci eget orci vehicula condimentum. Curabitur in libero ut massa volutpat convallis. Morbi odio odio, elementum eu, interdum eu, tincidunt in, leo.');
insert into Courses (course_id, title, name, duration, description) values (44, 'Introduction to fMRI', 'Parallel Computing', 3, 'Morbi non quam nec dui luctus rutrum. Nulla tellus.');
insert into Courses (course_id, title, name, duration, description) values (45, 'Introduction to Underground Mining', 'Parallel Computing', 3, 'Vestibulum ante ipsum primis in faucibus orci luctus et ultrices posuere cubilia Curae; Donec pharetra, magna vestibulum aliquet ultrices, erat tortor sollicitudin mi, sit amet lobortis sapien sapien non mi. Integer ac neque.');
insert into Courses (course_id, title, name, duration, description) values (46, 'Introduction to XACML', 'Parallel Computing', 4, 'Proin leo odio, porttitor id, consequat in, consequat ut, nulla. Sed accumsan felis. Ut at dolor quis odio consequat varius.');
insert into Courses (course_id, title, name, duration, description) values (47, 'Introduction to Novell Netware', 'Parallel Computing', 3, 'Etiam faucibus cursus urna. Ut tellus.');
insert into Courses (course_id, title, name, duration, description) values (48, 'Introduction to Autodesk Inventor', 'Parallel Computing', 2, 'Duis consequat dui nec nisi volutpat eleifend. Donec ut dolor. Morbi vel lectus in quam fringilla rhoncus. Mauris enim leo, rhoncus sed, vestibulum sit amet, cursus id, turpis. Integer aliquet, massa id lobortis convallis, tortor risus dapibus augue, vel accumsan tellus nisi eu orci. Mauris lacinia sapien quis libero. Nullam sit amet turpis elementum ligula vehicula consequat. Morbi a ipsum. Integer a nibh. In quis justo.');
insert into Courses (course_id, title, name, duration, description) values (49, 'Introduction to UTP', 'Parallel Computing', 3, 'Morbi ut odio. Cras mi pede, malesuada in, imperdiet et, commodo vulputate, justo.');
insert into Courses (course_id, title, name, duration, description) values (50, 'Introduction to RDO', 'Parallel Computing', 5, 'Integer aliquet, massa id lobortis convallis, tortor risus dapibus augue, vel accumsan tellus nisi eu orci. Mauris lacinia sapien quis libero. Nullam sit amet turpis elementum ligula vehicula consequat. Morbi a ipsum. Integer a nibh. In quis justo.');

/** 
 * Offerings, temporary values. 
 * Probably for this one must populate the table using functions/triggers. 
 * start date may not <= end date
 * start date and end date are datetime, not date
 * seating_capacity = sum of seating capacities of its sessions 
 */
insert into Offerings (launch_date, start_date, end_date, registration_deadline, target_number_registrations, seating_capacity, fees, course_id, eid) values ('2021-03-02 17:14:31', '2021-07-03 00:20:22', '2021-03-10 13:46:35', '2021-06-20 06:49:32', 127, 999,  726.3, 50, 4);
insert into Offerings (launch_date, start_date, end_date, registration_deadline, target_number_registrations, seating_capacity, fees, course_id, eid) values ('2021-03-04 03:17:06', '2022-01-17 08:05:35', '2021-08-07 15:40:05', '2021-11-05 11:23:55', 145, 999,  76.03, 42, 8);
insert into Offerings (launch_date, start_date, end_date, registration_deadline, target_number_registrations, seating_capacity, fees, course_id, eid) values ('2021-03-01 02:35:34', '2022-01-19 15:52:57', '2021-06-17 00:22:26', '2021-08-04 07:11:09', 103, 999, 500.83,  9, 8);
insert into Offerings (launch_date, start_date, end_date, registration_deadline, target_number_registrations, seating_capacity, fees, course_id, eid) values ('2021-03-01 01:18:22', '2022-01-31 22:08:20', '2021-06-13 14:25:55', '2021-05-25 11:24:04', 141, 999, 698.35,  2, 7);
insert into Offerings (launch_date, start_date, end_date, registration_deadline, target_number_registrations, seating_capacity, fees, course_id, eid) values ('2021-03-06 23:26:39', '2021-07-14 00:55:06', '2021-09-30 09:57:51', '2021-06-23 08:37:08', 104, 999, 178.88,  2, 7);
insert into Offerings (launch_date, start_date, end_date, registration_deadline, target_number_registrations, seating_capacity, fees, course_id, eid) values ('2021-03-01 07:34:19', '2021-05-22 07:56:50', '2021-06-27 12:13:35', '2021-05-12 06:33:14', 183, 999, 551.47, 21, 8);
insert into Offerings (launch_date, start_date, end_date, registration_deadline, target_number_registrations, seating_capacity, fees, course_id, eid) values ('2021-03-02 01:58:28', '2021-12-27 11:44:09', '2021-11-08 13:26:34', '2021-12-17 18:03:02', 127, 999, 276.74, 25, 1);
insert into Offerings (launch_date, start_date, end_date, registration_deadline, target_number_registrations, seating_capacity, fees, course_id, eid) values ('2021-03-02 23:01:02', '2021-06-06 20:39:03', '2021-11-25 21:36:49', '2021-03-15 10:23:41',  92, 999, 969.12, 31, 5);
insert into Offerings (launch_date, start_date, end_date, registration_deadline, target_number_registrations, seating_capacity, fees, course_id, eid) values ('2021-03-07 10:19:36', '2021-12-08 20:56:52', '2021-06-10 01:00:23', '2021-11-12 05:27:13',  81, 999,  256.6, 37, 10);
insert into Offerings (launch_date, start_date, end_date, registration_deadline, target_number_registrations, seating_capacity, fees, course_id, eid) values ('2021-03-07 09:14:28', '2021-10-30 11:12:30', '2021-04-28 02:41:17', '2021-09-30 20:03:12', 112, 999, 492.53, 38, 6);
insert into Offerings (launch_date, start_date, end_date, registration_deadline, target_number_registrations, seating_capacity, fees, course_id, eid) values ('2021-03-06 17:15:16', '2022-02-23 18:21:34', '2021-03-22 08:05:59', '2021-09-09 21:10:15',  57, 999, 707.46, 41, 10);
insert into Offerings (launch_date, start_date, end_date, registration_deadline, target_number_registrations, seating_capacity, fees, course_id, eid) values ('2021-03-05 06:22:24', '2021-07-03 04:52:00', '2022-03-04 21:37:15', '2021-06-20 11:31:03', 138, 999,  438.7, 13, 2);
insert into Offerings (launch_date, start_date, end_date, registration_deadline, target_number_registrations, seating_capacity, fees, course_id, eid) values ('2021-03-03 16:50:35', '2021-08-04 21:34:48', '2022-01-16 02:38:33', '2021-07-06 15:26:31',  18, 999, 276.88, 46, 1);
insert into Offerings (launch_date, start_date, end_date, registration_deadline, target_number_registrations, seating_capacity, fees, course_id, eid) values ('2021-03-03 10:20:25', '2021-09-11 15:36:02', '2022-01-24 01:25:49', '2021-07-21 10:14:42',  23, 999,  82.38, 11, 3);
insert into Offerings (launch_date, start_date, end_date, registration_deadline, target_number_registrations, seating_capacity, fees, course_id, eid) values ('2021-03-04 14:26:30', '2021-09-21 12:47:12', '2022-03-27 08:52:16', '2021-07-06 02:00:20', 147, 999, 456.62, 31, 4);
insert into Offerings (launch_date, start_date, end_date, registration_deadline, target_number_registrations, seating_capacity, fees, course_id, eid) values ('2021-03-02 12:35:03', '2021-05-16 14:39:23', '2021-03-31 04:35:20', '2021-04-28 20:27:03',  47, 999, 486.36, 38, 3);
insert into Offerings (launch_date, start_date, end_date, registration_deadline, target_number_registrations, seating_capacity, fees, course_id, eid) values ('2021-03-02 07:48:45', '2022-03-21 06:17:45', '2021-05-11 06:04:01', '2021-10-26 08:48:57', 169, 999,  932.9, 15, 8);
insert into Offerings (launch_date, start_date, end_date, registration_deadline, target_number_registrations, seating_capacity, fees, course_id, eid) values ('2021-03-05 15:23:31', '2021-09-02 22:22:44', '2021-05-23 12:04:25', '2021-05-08 05:23:12', 197, 999, 208.81, 25, 2);
insert into Offerings (launch_date, start_date, end_date, registration_deadline, target_number_registrations, seating_capacity, fees, course_id, eid) values ('2021-03-01 07:46:53', '2021-08-01 23:56:21', '2022-03-28 10:00:27', '2021-07-03 15:57:23', 176, 999, 284.76,  8, 9);
insert into Offerings (launch_date, start_date, end_date, registration_deadline, target_number_registrations, seating_capacity, fees, course_id, eid) values ('2021-03-07 13:59:52', '2021-11-10 21:29:37', '2021-07-14 01:35:37', '2021-10-24 08:40:48',  46, 999, 526.07, 12, 1);
insert into Offerings (launch_date, start_date, end_date, registration_deadline, target_number_registrations, seating_capacity, fees, course_id, eid) values ('2021-03-06 12:08:55', '2022-01-22 23:55:07', '2021-11-10 19:43:58', '2021-12-23 11:25:32',  18, 999, 598.23, 38, 4);
insert into Offerings (launch_date, start_date, end_date, registration_deadline, target_number_registrations, seating_capacity, fees, course_id, eid) values ('2021-03-06 22:33:17', '2021-11-08 14:19:56', '2022-01-11 09:56:17', '2021-04-06 01:06:19',  83, 999, 418.61, 15, 2);
insert into Offerings (launch_date, start_date, end_date, registration_deadline, target_number_registrations, seating_capacity, fees, course_id, eid) values ('2021-03-04 06:32:44', '2021-08-02 04:24:19', '2022-02-22 20:41:37', '2021-05-18 16:38:17', 186, 999, 674.79, 25, 9);
insert into Offerings (launch_date, start_date, end_date, registration_deadline, target_number_registrations, seating_capacity, fees, course_id, eid) values ('2021-03-01 21:35:13', '2021-03-22 16:29:17', '2021-06-20 01:04:48', '2021-01-28 22:34:25', 199, 999, 974.38,  4, 8);
insert into Offerings (launch_date, start_date, end_date, registration_deadline, target_number_registrations, seating_capacity, fees, course_id, eid) values ('2021-03-05 07:35:36', '2021-11-04 01:13:58', '2021-09-12 01:35:14', '2021-09-22 04:22:36',  48, 999, 668.67, 48, 5);
insert into Offerings (launch_date, start_date, end_date, registration_deadline, target_number_registrations, seating_capacity, fees, course_id, eid) values ('2021-03-03 02:47:39', '2022-03-30 06:43:33', '2021-10-09 20:10:01', '2022-01-01 22:37:32', 161, 999, 549.44,  6, 2);
insert into Offerings (launch_date, start_date, end_date, registration_deadline, target_number_registrations, seating_capacity, fees, course_id, eid) values ('2021-03-03 02:57:13', '2022-03-10 07:42:37', '2022-03-05 20:56:55', '2021-02-16 04:21:30',  21, 999,  59.35, 45, 4);
insert into Offerings (launch_date, start_date, end_date, registration_deadline, target_number_registrations, seating_capacity, fees, course_id, eid) values ('2021-03-06 03:05:25', '2021-06-14 03:07:44', '2021-08-16 23:44:17', '2021-05-23 10:17:41', 197, 999,  842.6,  4, 10);
insert into Offerings (launch_date, start_date, end_date, registration_deadline, target_number_registrations, seating_capacity, fees, course_id, eid) values ('2021-03-01 01:09:29', '2021-10-19 00:33:25', '2021-08-21 23:28:49', '2021-08-11 11:40:10', 111, 999, 950.65, 10, 8);
insert into Offerings (launch_date, start_date, end_date, registration_deadline, target_number_registrations, seating_capacity, fees, course_id, eid) values ('2021-03-03 22:03:03', '2021-11-05 10:26:32', '2021-04-13 00:59:17', '2021-05-11 08:05:18', 176, 999, 730.57, 29, 6);
insert into Offerings (launch_date, start_date, end_date, registration_deadline, target_number_registrations, seating_capacity, fees, course_id, eid) values ('2021-03-05 06:13:40', '2021-09-17 17:27:16', '2021-09-05 07:21:00', '2021-03-20 00:21:57', 154, 999,  86.48,  8, 7);
insert into Offerings (launch_date, start_date, end_date, registration_deadline, target_number_registrations, seating_capacity, fees, course_id, eid) values ('2021-03-01 21:21:14', '2021-05-16 09:54:57', '2021-11-27 08:02:58', '2021-01-02 08:46:32', 111, 999, 825.42,  5, 5);
insert into Offerings (launch_date, start_date, end_date, registration_deadline, target_number_registrations, seating_capacity, fees, course_id, eid) values ('2021-03-01 01:45:37', '2021-05-09 22:42:27', '2021-08-10 07:01:36', '2021-04-07 16:40:55', 182, 999, 783.25,  8, 2);
insert into Offerings (launch_date, start_date, end_date, registration_deadline, target_number_registrations, seating_capacity, fees, course_id, eid) values ('2021-03-06 21:30:10', '2021-03-15 03:43:02', '2021-12-21 06:56:59', '2021-02-11 05:23:44', 122, 999, 487.63,  5, 4);
insert into Offerings (launch_date, start_date, end_date, registration_deadline, target_number_registrations, seating_capacity, fees, course_id, eid) values ('2021-03-06 17:41:46', '2022-03-30 07:38:22', '2021-03-05 23:42:18', '2021-07-27 22:50:50', 172, 999,  25.63, 32, 5);
insert into Offerings (launch_date, start_date, end_date, registration_deadline, target_number_registrations, seating_capacity, fees, course_id, eid) values ('2021-03-05 08:39:31', '2022-02-26 09:54:43', '2021-03-30 22:59:35', '2021-03-26 15:34:01',  23, 999,  790.3, 13, 5);
insert into Offerings (launch_date, start_date, end_date, registration_deadline, target_number_registrations, seating_capacity, fees, course_id, eid) values ('2021-03-01 01:46:20', '2022-03-29 13:29:53', '2021-12-07 16:25:06', '2022-02-10 22:59:18', 162, 999, 240.08, 21, 7);
insert into Offerings (launch_date, start_date, end_date, registration_deadline, target_number_registrations, seating_capacity, fees, course_id, eid) values ('2021-03-03 19:37:39', '2021-04-19 23:25:30', '2021-04-30 04:59:10', '2021-01-04 22:42:53',  35, 999, 189.97, 34, 2);
insert into Offerings (launch_date, start_date, end_date, registration_deadline, target_number_registrations, seating_capacity, fees, course_id, eid) values ('2021-03-04 01:36:14', '2021-08-08 01:49:09', '2022-02-05 06:50:44', '2021-05-30 07:15:53',  35, 999, 841.57, 20, 10);
insert into Offerings (launch_date, start_date, end_date, registration_deadline, target_number_registrations, seating_capacity, fees, course_id, eid) values ('2021-03-03 04:35:57', '2021-07-05 17:21:26', '2022-02-09 04:06:17', '2021-01-21 06:55:41',  92, 999,  98.54, 36, 1);
insert into Offerings (launch_date, start_date, end_date, registration_deadline, target_number_registrations, seating_capacity, fees, course_id, eid) values ('2021-03-07 01:50:35', '2021-05-11 05:59:15', '2022-02-21 22:36:15', '2021-02-17 06:49:07',  55, 999,  32.75, 11, 4);
insert into Offerings (launch_date, start_date, end_date, registration_deadline, target_number_registrations, seating_capacity, fees, course_id, eid) values ('2021-03-01 03:30:59', '2021-05-10 11:53:33', '2021-03-10 01:20:38', '2022-02-09 07:10:44',  36, 999, 845.15, 29, 5);
insert into Offerings (launch_date, start_date, end_date, registration_deadline, target_number_registrations, seating_capacity, fees, course_id, eid) values ('2021-03-03 07:37:07', '2022-03-11 16:22:08', '2021-05-12 05:52:40', '2021-06-17 18:40:30', 131, 999, 509.01, 42, 4);
insert into Offerings (launch_date, start_date, end_date, registration_deadline, target_number_registrations, seating_capacity, fees, course_id, eid) values ('2021-03-03 05:25:58', '2021-12-01 23:49:33', '2021-09-02 18:12:51', '2021-02-21 15:21:15', 105, 999, 120.98,  4, 7);
insert into Offerings (launch_date, start_date, end_date, registration_deadline, target_number_registrations, seating_capacity, fees, course_id, eid) values ('2021-03-04 00:50:19', '2021-10-27 07:29:11', '2022-03-29 05:42:45', '2021-09-28 17:24:37', 151, 999, 367.7,   1, 10);
insert into Offerings (launch_date, start_date, end_date, registration_deadline, target_number_registrations, seating_capacity, fees, course_id, eid) values ('2021-03-04 12:22:47', '2022-01-05 02:45:05', '2021-03-01 14:11:33', '2021-06-02 00:28:34',  58, 999,  867.0, 18, 7);
insert into Offerings (launch_date, start_date, end_date, registration_deadline, target_number_registrations, seating_capacity, fees, course_id, eid) values ('2021-03-03 16:07:15', '2021-11-28 13:56:22', '2022-01-25 17:02:30', '2021-03-25 13:40:05', 187, 999, 127.22,  2, 9);
insert into Offerings (launch_date, start_date, end_date, registration_deadline, target_number_registrations, seating_capacity, fees, course_id, eid) values ('2021-03-05 21:49:26', '2022-04-03 17:05:10', '2022-02-03 18:55:34', '2021-10-17 16:27:38', 151, 999, 293.76, 43, 3);
insert into Offerings (launch_date, start_date, end_date, registration_deadline, target_number_registrations, seating_capacity, fees, course_id, eid) values ('2021-03-02 22:28:41', '2021-09-23 12:27:26', '2021-07-20 11:36:06', '2021-01-06 10:14:10',  94, 999, 596.11, 28, 5);
insert into Offerings (launch_date, start_date, end_date, registration_deadline, target_number_registrations, seating_capacity, fees, course_id, eid) values ('2021-03-04 02:04:52', '2022-03-08 03:26:06', '2021-03-01 15:34:21', '2021-03-24 06:40:26', 137, 999, 575.21, 38, 9);

/** 
 * Sessions, temporary values. 
 * Probably for this one must populate the table using functions/triggers. 
 * the sessions for a course offering are numbered consecutively starting from 1
 * no two sessions for the same course offering can be conducted on the same day and at the same time
 * start date and end date determined by the dates of its earliest and latest sessions
 * currently <course_id, launch_date> are taken from the last 10 entries of offerings
 */
insert into Sessions (sid, session_date, start_time, end_time, course_id, launch_date, rid, eid) values (1, '2021-04-05', '2021-04-05 09:00:00', '2021-04-05 12:00:00', 11, '2021-03-07 01:50:35',  8, 39);
insert into Sessions (sid, session_date, start_time, end_time, course_id, launch_date, rid, eid) values (2, '2021-04-06', '2021-04-06 09:00:00', '2021-04-06 12:00:00', 29, '2021-03-01 03:30:59', 12, 49);
insert into Sessions (sid, session_date, start_time, end_time, course_id, launch_date, rid, eid) values (3, '2021-04-07', '2021-04-07 09:00:00', '2021-04-07 12:00:00', 42, '2021-03-03 07:37:07',  8, 42);
insert into Sessions (sid, session_date, start_time, end_time, course_id, launch_date, rid, eid) values (4, '2021-04-08', '2021-04-08 09:00:00', '2021-04-08 12:00:00',  4, '2021-03-03 05:25:58',  3, 32);
insert into Sessions (sid, session_date, start_time, end_time, course_id, launch_date, rid, eid) values (5, '2021-04-09', '2021-04-09 09:00:00', '2021-04-09 12:00:00',  1, '2021-03-04 00:50:19', 18, 44);
insert into Sessions (sid, session_date, start_time, end_time, course_id, launch_date, rid, eid) values (1, '2021-04-05', '2021-04-05 09:00:00', '2021-04-05 12:00:00', 18, '2021-03-04 12:22:47',  4, 40);
insert into Sessions (sid, session_date, start_time, end_time, course_id, launch_date, rid, eid) values (2, '2021-04-06', '2021-04-06 09:00:00', '2021-04-06 12:00:00',  2, '2021-03-03 16:07:15',  9, 43);
insert into Sessions (sid, session_date, start_time, end_time, course_id, launch_date, rid, eid) values (3, '2021-04-07', '2021-04-07 09:00:00', '2021-04-07 12:00:00', 43, '2021-03-05 21:49:26',  4, 50);
insert into Sessions (sid, session_date, start_time, end_time, course_id, launch_date, rid, eid) values (4, '2021-04-08', '2021-04-08 09:00:00', '2021-04-08 12:00:00', 28, '2021-03-02 22:28:41',  7, 44);
insert into Sessions (sid, session_date, start_time, end_time, course_id, launch_date, rid, eid) values (5, '2021-04-09', '2021-04-09 09:00:00', '2021-04-09 12:00:00', 38, '2021-03-04 02:04:52', 11, 48);

/**
* Redeems 
* currently redeem_date is exactly the same with session_date
*/
insert into Redeems (redeem_date, package_id, card_number, purchase_date, sid, course_id, launch_date) values ('2021-04-05', 11,'5048371508404496','2021-03-01 02:17:26',1, 11, '2021-03-07 01:50:35');
insert into Redeems (redeem_date, package_id, card_number, purchase_date, sid, course_id, launch_date) values ('2021-04-06', 13,'5108759034811803','2021-04-05 12:17:28',2, 29, '2021-03-01 03:30:59');
insert into Redeems (redeem_date, package_id, card_number, purchase_date, sid, course_id, launch_date) values ('2021-04-07', 6, '5048370038418307','2022-02-20 20:34:16',3, 42, '2021-03-03 07:37:07');
insert into Redeems (redeem_date, package_id, card_number, purchase_date, sid, course_id, launch_date) values ('2021-06-08', 12,'5108759034811803','2021-05-19 23:27:31',4,  4, '2021-03-03 05:25:58');
insert into Redeems (redeem_date, package_id, card_number, purchase_date, sid, course_id, launch_date) values ('2021-04-09', 12,'5108758777432884','2022-03-02 20:20:12',5,  1, '2021-03-04 00:50:19');
insert into Redeems (redeem_date, package_id, card_number, purchase_date, sid, course_id, launch_date) values ('2021-07-05', 19,'5048372282236518','2021-06-01 21:42:25',1, 18, '2021-03-04 12:22:47');
insert into Redeems (redeem_date, package_id, card_number, purchase_date, sid, course_id, launch_date) values ('2021-07-06', 7, '5048371304277260','2021-06-16 00:30:12',2,  2, '2021-03-03 16:07:15');
insert into Redeems (redeem_date, package_id, card_number, purchase_date, sid, course_id, launch_date) values ('2021-12-07', 6, '5108754093451666','2021-11-19 10:07:55',3, 43, '2021-03-05 21:49:26');
insert into Redeems (redeem_date, package_id, card_number, purchase_date, sid, course_id, launch_date) values ('2022-04-08', 17,'5048373029850934','2022-04-02 23:43:14',4, 28, '2021-03-02 22:28:41');
insert into Redeems (redeem_date, package_id, card_number, purchase_date, sid, course_id, launch_date) values ('2021-05-09', 10,'5048371304277260','2021-04-25 14:17:01',5, 38, '2021-03-04 02:04:52');

/**
* Registers 
* currently registration_date = registration_deadline - 1 day
*/
insert into Registers (registration_date, card_number, sid, course_id, launch_date) values ('2021-01-20 06:55:41','5048371508404496',1, 11, '2021-03-07 01:50:35');
insert into Registers (registration_date, card_number, sid, course_id, launch_date) values ('2021-02-16 06:49:07','5108759034811803',2, 29, '2021-03-01 03:30:59');
insert into Registers (registration_date, card_number, sid, course_id, launch_date) values ('2022-02-08 07:10:44','5048370038418307',3, 42, '2021-03-03 07:37:07');
insert into Registers (registration_date, card_number, sid, course_id, launch_date) values ('2021-06-16 18:40:30','5108759034811803',4,  4, '2021-03-03 05:25:58');
insert into Registers (registration_date, card_number, sid, course_id, launch_date) values ('2021-02-20 15:21:15','5108758777432884',5,  1, '2021-03-04 00:50:19');
insert into Registers (registration_date, card_number, sid, course_id, launch_date) values ('2021-09-27 17:24:37','5048372282236518',1, 18, '2021-03-04 12:22:47');
insert into Registers (registration_date, card_number, sid, course_id, launch_date) values ('2021-06-01 00:28:34','5048371304277260',2,  2, '2021-03-03 16:07:15');
insert into Registers (registration_date, card_number, sid, course_id, launch_date) values ('2021-03-24 13:40:05','5108754093451666',3, 43, '2021-03-05 21:49:26');
insert into Registers (registration_date, card_number, sid, course_id, launch_date) values ('2021-10-16 16:27:38','5048373029850934',4, 28, '2021-03-02 22:28:41');
insert into Registers (registration_date, card_number, sid, course_id, launch_date) values ('2021-01-05 10:14:10','5048371304277260',5, 38, '2021-03-04 02:04:52');

/**
* Cancels 
* refund amt: 90% if the cancellation 
* currently the cancel date is exactly the same with registration_date from registers table
* <sic, course_id, launch_date> is exactly the same with Registers, Redeems, and Sessions
*/
insert into Cancels (cancel_date, refund_amt, package_credit, cust_id, sid, course_id, launch_date) values ('2021-01-20 06:55:41', 0, 1, 16, 1, 11, '2021-03-07 01:50:35');
insert into Cancels (cancel_date, refund_amt, package_credit, cust_id, sid, course_id, launch_date) values ('2021-02-16 06:49:07', 0, 9, 11, 2, 29, '2021-03-01 03:30:59');
insert into Cancels (cancel_date, refund_amt, package_credit, cust_id, sid, course_id, launch_date) values ('2022-02-08 07:10:44', 0, 2, 17, 3, 42, '2021-03-03 07:37:07');
insert into Cancels (cancel_date, refund_amt, package_credit, cust_id, sid, course_id, launch_date) values ('2021-06-16 18:40:30', 0, 4,  4, 4,  4, '2021-03-03 05:25:58');
insert into Cancels (cancel_date, refund_amt, package_credit, cust_id, sid, course_id, launch_date) values ('2021-02-20 15:21:15', 0, 1,  7, 5,  1, '2021-03-04 00:50:19');
insert into Cancels (cancel_date, refund_amt, package_credit, cust_id, sid, course_id, launch_date) values ('2021-09-27 17:24:37', 0, 8,  4, 1, 18, '2021-03-04 12:22:47');
insert into Cancels (cancel_date, refund_amt, package_credit, cust_id, sid, course_id, launch_date) values ('2021-06-01 00:28:34', 0, 2, 18, 2,  2, '2021-03-03 16:07:15');
insert into Cancels (cancel_date, refund_amt, package_credit, cust_id, sid, course_id, launch_date) values ('2021-03-24 13:40:05', 0, 3, 12, 3, 43, '2021-03-05 21:49:26');
insert into Cancels (cancel_date, refund_amt, package_credit, cust_id, sid, course_id, launch_date) values ('2021-10-16 16:27:38', 0, 8,  5, 4, 28, '2021-03-02 22:28:41');
insert into Cancels (cancel_date, refund_amt, package_credit, cust_id, sid, course_id, launch_date) values ('2021-01-05 10:14:10', 0, 8,  1, 5, 38, '2021-03-04 02:04:52');

/**
* Pay_Slips, temporary values.
* amount = num_work_hours * hourly_rate
* OR
* amount = monthly salary * num_work_days / num_of_days_in_that_month
* num_work_hours for part time, num_work_days for full time
*/
insert into Pay_slips (payment_date, amount, num_work_hours, num_work_days, eid) values ('2021-01-27', 0, null, 16, 1);
insert into Pay_slips (payment_date, amount, num_work_hours, num_work_days, eid) values ('2021-02-25', 0, null, 15, 2);
insert into Pay_slips (payment_date, amount, num_work_hours, num_work_days, eid) values ('2021-03-27', 0, null, 11, 3);
insert into Pay_slips (payment_date, amount, num_work_hours, num_work_days, eid) values ('2021-02-21', 0, null, 10, 4);
insert into Pay_slips (payment_date, amount, num_work_hours, num_work_days, eid) values ('2021-03-28', 0, null, 13, 5);
insert into Pay_slips (payment_date, amount, num_work_hours, num_work_days, eid) values ('2021-01-23', 0, null, 16, 6);
insert into Pay_slips (payment_date, amount, num_work_hours, num_work_days, eid) values ('2021-04-27', 0, null, 17, 7);
insert into Pay_slips (payment_date, amount, num_work_hours, num_work_days, eid) values ('2021-05-29', 0, null, 11, 8);
insert into Pay_slips (payment_date, amount, num_work_hours, num_work_days, eid) values ('2021-01-27', 0, null, 16, 9);
insert into Pay_slips (payment_date, amount, num_work_hours, num_work_days, eid) values ('2021-06-23', 0, null, 14, 10);
insert into Pay_slips (payment_date, amount, num_work_hours, num_work_days, eid) values ('2021-07-28', 0, null, 14, 11);
insert into Pay_slips (payment_date, amount, num_work_hours, num_work_days, eid) values ('2021-01-21', 0, null, 15, 12);
insert into Pay_slips (payment_date, amount, num_work_hours, num_work_days, eid) values ('2021-08-25', 0, null, 15, 13);
insert into Pay_slips (payment_date, amount, num_work_hours, num_work_days, eid) values ('2021-10-27', 0, null, 12, 14);
insert into Pay_slips (payment_date, amount, num_work_hours, num_work_days, eid) values ('2021-10-23', 0, null, 10, 15);
insert into Pay_slips (payment_date, amount, num_work_hours, num_work_days, eid) values ('2021-11-24', 0, null, 17, 16);
insert into Pay_slips (payment_date, amount, num_work_hours, num_work_days, eid) values ('2021-12-26', 0, null, 18, 17);
insert into Pay_slips (payment_date, amount, num_work_hours, num_work_days, eid) values ('2021-12-26', 0, null, 10, 18);
insert into Pay_slips (payment_date, amount, num_work_hours, num_work_days, eid) values ('2021-01-20', 0, null, 18, 19);
insert into Pay_slips (payment_date, amount, num_work_hours, num_work_days, eid) values ('2021-01-20', 0, null, 18, 20);
insert into Pay_slips (payment_date, amount, num_work_hours, num_work_days, eid) values ('2021-01-27', 0, null, 10, 21);
insert into Pay_slips (payment_date, amount, num_work_hours, num_work_days, eid) values ('2021-01-21', 0, null, 15, 22);
insert into Pay_slips (payment_date, amount, num_work_hours, num_work_days, eid) values ('2021-01-21', 0, null, 11, 23);
insert into Pay_slips (payment_date, amount, num_work_hours, num_work_days, eid) values ('2021-08-25', 0, null, 17, 24);
insert into Pay_slips (payment_date, amount, num_work_hours, num_work_days, eid) values ('2021-08-27', 0, null, 10, 25);
insert into Pay_slips (payment_date, amount, num_work_hours, num_work_days, eid) values ('2021-01-27', 0, null, 16, 26);
insert into Pay_slips (payment_date, amount, num_work_hours, num_work_days, eid) values ('2021-01-25', 0, null, 16, 27);
insert into Pay_slips (payment_date, amount, num_work_hours, num_work_days, eid) values ('2021-01-29', 0, null, 18, 28);
insert into Pay_slips (payment_date, amount, num_work_hours, num_work_days, eid) values ('2021-01-20', 0, null, 16, 29);
insert into Pay_slips (payment_date, amount, num_work_hours, num_work_days, eid) values ('2021-01-23', 0, null, 17, 30);
insert into Pay_slips (payment_date, amount, num_work_hours, num_work_days, eid) values ('2021-01-27', 0, null, 11, 31);
insert into Pay_slips (payment_date, amount, num_work_hours, num_work_days, eid) values ('2021-01-26', 0, null, 18, 32);
insert into Pay_slips (payment_date, amount, num_work_hours, num_work_days, eid) values ('2021-01-26', 0, null, 17, 33);
insert into Pay_slips (payment_date, amount, num_work_hours, num_work_days, eid) values ('2021-09-29', 0, null, 17, 34);
insert into Pay_slips (payment_date, amount, num_work_hours, num_work_days, eid) values ('2021-01-30', 0, null, 10, 35);
insert into Pay_slips (payment_date, amount, num_work_hours, num_work_days, eid) values ('2021-01-30', 0, null, 15, 36);
insert into Pay_slips (payment_date, amount, num_work_hours, num_work_days, eid) values ('2021-09-24', 0, null, 12, 37);
insert into Pay_slips (payment_date, amount, num_work_hours, num_work_days, eid) values ('2021-01-29', 0, null, 18, 38);
insert into Pay_slips (payment_date, amount, num_work_hours, num_work_days, eid) values ('2021-01-23', 0, null, 14, 39);
insert into Pay_slips (payment_date, amount, num_work_hours, num_work_days, eid) values ('2021-01-30', 0, null, 17, 40);
insert into Pay_slips (payment_date, amount, num_work_hours, num_work_days, eid) values ('2021-12-28', 0, 155, null, 41);
insert into Pay_slips (payment_date, amount, num_work_hours, num_work_days, eid) values ('2021-01-23', 0, 130, null, 42);
insert into Pay_slips (payment_date, amount, num_work_hours, num_work_days, eid) values ('2021-01-26', 0, 167, null, 43);
insert into Pay_slips (payment_date, amount, num_work_hours, num_work_days, eid) values ('2021-12-22', 0, 239, null, 44);
insert into Pay_slips (payment_date, amount, num_work_hours, num_work_days, eid) values ('2021-01-25', 0, 182, null, 45);
insert into Pay_slips (payment_date, amount, num_work_hours, num_work_days, eid) values ('2021-01-21', 0, 202, null, 46);
insert into Pay_slips (payment_date, amount, num_work_hours, num_work_days, eid) values ('2021-01-23', 0, 276, null, 47);
insert into Pay_slips (payment_date, amount, num_work_hours, num_work_days, eid) values ('2021-12-26', 0, 239, null, 48);
insert into Pay_slips (payment_date, amount, num_work_hours, num_work_days, eid) values ('2021-01-29', 0, 153, null, 49);
insert into Pay_slips (payment_date, amount, num_work_hours, num_work_days, eid) values ('2021-12-23', 0, 165, null, 50);

/* Specializes */
insert into Specializes (eid, name) values (21, 'Database system');
insert into Specializes (eid, name) values (22, 'Database system');
insert into Specializes (eid, name) values (23, 'Database system');
insert into Specializes (eid, name) values (24, 'Database system');
insert into Specializes (eid, name) values (25, 'Database system');
insert into Specializes (eid, name) values (26, 'Database system');
insert into Specializes (eid, name) values (27, 'Database system');
insert into Specializes (eid, name) values (28, 'Computational Biology');
insert into Specializes (eid, name) values (29, 'Computational Biology');
insert into Specializes (eid, name) values (30, 'Quantum Computing');
insert into Specializes (eid, name) values (31, 'Quantum Computing');
insert into Specializes (eid, name) values (32, 'Quantum Computing');
insert into Specializes (eid, name) values (33, 'Quantum Computing');
insert into Specializes (eid, name) values (34, 'IoT');
insert into Specializes (eid, name) values (35, 'IoT');
insert into Specializes (eid, name) values (36, 'IoT');
insert into Specializes (eid, name) values (37, 'IoT');
insert into Specializes (eid, name) values (38, 'Processors and Compilers');
insert into Specializes (eid, name) values (39, 'Processors and Compilers');
insert into Specializes (eid, name) values (40, 'Processors and Compilers');
insert into Specializes (eid, name) values (21, 'Artificial Intelligence');
insert into Specializes (eid, name) values (22, 'Artificial Intelligence');
insert into Specializes (eid, name) values (23, 'Artificial Intelligence');
insert into Specializes (eid, name) values (24, 'Artificial Intelligence');
insert into Specializes (eid, name) values (25, 'Artificial Intelligence');
insert into Specializes (eid, name) values (26, 'Artificial Intelligence');
insert into Specializes (eid, name) values (27, 'Programming Languages');
insert into Specializes (eid, name) values (28, 'Programming Languages');
insert into Specializes (eid, name) values (29, 'Programming Languages');
insert into Specializes (eid, name) values (30, 'Programming Languages');
insert into Specializes (eid, name) values (31, 'Programming Languages');
insert into Specializes (eid, name) values (32, 'Programming Languages');
insert into Specializes (eid, name) values (33, 'Programming Languages');
insert into Specializes (eid, name) values (34, 'Computer Security');
insert into Specializes (eid, name) values (35, 'Computer Security');
insert into Specializes (eid, name) values (36, 'Computer Security');
insert into Specializes (eid, name) values (37, 'Computer Security');
insert into Specializes (eid, name) values (38, 'Computer Security');
insert into Specializes (eid, name) values (39, 'Computer Security');
insert into Specializes (eid, name) values (40, 'Computer Networks');
insert into Specializes (eid, name) values (41, 'Computer Networks');
insert into Specializes (eid, name) values (42, 'Computer Networks');
insert into Specializes (eid, name) values (43, 'Computer Networks');
insert into Specializes (eid, name) values (44, 'Parallel Computing');
insert into Specializes (eid, name) values (45, 'Parallel Computing');
insert into Specializes (eid, name) values (46, 'Parallel Computing');
insert into Specializes (eid, name) values (47, 'Parallel Computing');
insert into Specializes (eid, name) values (48, 'Parallel Computing');
insert into Specializes (eid, name) values (49, 'Parallel Computing');
insert into Specializes (eid, name) values (50, 'Parallel Computing');
